ISO3,Country,Dataset,Source,Type,TypeDetail,Access,TemporalStart,TemporalEnd,Frequency,Coverage,URL,Resolution,Quality,Notes,APIAvailable,Origins
ARE,United Arab Emirates,Abu Dhabi Spatial Data Infrastructure (AD-SDI) DEM,Abu Dhabi Systems and Information Centre,Elevation / Terrain (DEM),,Restricted (requires registration and approval),Current,,Irregular updates,High-quality authoritative emirate-level data for Abu Dhabi; likely the best available for that emirate with official government backing[1][2][3],https://arcgis.sdi.abudhabi.ae/portal/home/,,5,,Yes (ArcGIS REST API through portal),TIER1_BEST_DATASETS.csv
ARE,United Arab Emirates,ADNOC Pipeline GIS Data,Abu Dhabi National Oil Company (ADNOC Gas Processing),Infrastructure - Pipelines,,Highly Restricted (internal ADNOC use; external access requires formal agreements),Current,,Continuous updates from surveys and construction,Sub-meter survey accuracy (±15cm tolerance in recent surveys),,Sub-meter survey accuracy (±15cm tolerance in recent surveys),5,,Internal GIS systems only,TIER1_BEST_DATASETS.csv
ARE,United Arab Emirates,Airbus Defense and Space,Airbus Intelligence,Satellite Imagery (Commercial & Free),,Commercial/Purchase,Archive + tasking,,Tasking available (daily revisit for Pléiades constellation),"50 cm (Pléiades Neo, Pléiades), 1.5m (SPOT 6/7)",https://www.airbus.com/en/products-services/space/earth-observation/satellite-imagery,"50 cm (Pléiades Neo, Pléiades), 1.5m (SPOT 6/7)",4,,"Yes (OneAtlas API, available through UP42)",TIER1_BEST_DATASETS.csv
ARE,United Arab Emirates,Archaeological and Heritage Sites,Ministry of Culture and Youth / Department of Culture and Tourism Abu Dhabi,Additional datasets for UAE,,Restricted (cultural heritage protection),Current,,As sites are registered,Point and polygon locations,,Point and polygon locations,3,,No,TIER1_BEST_DATASETS.csv
ARE,United Arab Emirates,British Geological Survey UAE Geological Maps,British Geological Survey (commissioned by UAE Ministry of Energy),Geology / Soil,,Restricted/Purchase (contact BGS),Completed 1970s-1990s (historical),,Static (historical product),"1:250,000 scale",https://webapps.bgs.ac.uk/data/Publications/series.html?code=RS,"1:250,000 scale",3,,No,TIER1_BEST_DATASETS.csv
ARE,United Arab Emirates,Copernicus DEM GLO-30,European Space Agency / Copernicus Programme,Elevation / Terrain (DEM),,Open/Free (GLO-90 and GLO-30),2011-2020+,,Periodic (stable product),30m (GLO-30 / 1 arc-second),https://dataspace.copernicus.eu/explore-data/data-collections/copernicus-contributing-missions/collections-description/COP-DEM,30m (GLO-30 / 1 arc-second),4,,"Yes (OData API, S3 bucket access)",TIER1_BEST_DATASETS.csv
ARE,United Arab Emirates,Dubai Municipality Administrative Boundaries,Dubai Municipality,Administrative Boundaries,,Restricted (requires approval),Current (updated monthly),,Monthly (15th of each month),"Community, sector, and parcel level",https://www.dubaipulse.gov.ae/,"Community, sector, and parcel level",5,,Yes (Dubai Pulse API),TIER1_BEST_DATASETS.csv
ARE,United Arab Emirates,Dubai Statistics Center,Dubai Statistics Center,Population / Demographics,,Open (some datasets),Current,,Annual updates,Detailed demographic data for Dubai emirate; good spatial linkage to administrative boundaries[46],https://www.dsc.gov.ae/,,4,,Limited,TIER1_BEST_DATASETS.csv
ARE,United Arab Emirates,ERA5 Reanalysis,European Centre for Medium-Range Weather Forecasts (ECMWF) via Copernicus,Climate / Weather,,Open/Free,1940-present,,Monthly updates (2-3 month lag),0.25° (~25-30 km),https://cds.climate.copernicus.eu/,0.25° (~25-30 km),5,,Yes (CDS API),TIER1_BEST_DATASETS.csv
ARE,United Arab Emirates,ESA WorldCover 2021,European Space Agency,Land Cover / Land Use,,Open/Free,2021 (2020 also available),,Annual,10m,https://worldcover2020.esa.int,10m,5,,Yes (available through Google Earth Engine and direct download),TIER1_BEST_DATASETS.csv
ARE,United Arab Emirates,FAO Harmonized World Soil Database,Food and Agriculture Organization,Geology / Soil,,Open/Free,Based on various sources (1960s-2000s),,Static,1 km,http://www.fao.org/soils-portal/,1 km,3,,No,TIER1_BEST_DATASETS.csv
ARE,United Arab Emirates,Flash Flood Hazard / Wadi Flow Paths,Derived from DEM analysis / NCM studies,Additional datasets for UAE,,Can be derived or requested from NCM/MOEI,Based on historical rainfall and DEM,,Can be updated as better DEMs become available,"Variable (DEM-dependent, typically 30m from Copernicus)",,"Variable (DEM-dependent, typically 30m from Copernicus)",3,,No,TIER1_BEST_DATASETS.csv
ARE,United Arab Emirates,GADM,GADM project,Administrative Boundaries,,Open/Free (for non-commercial use),Current (version 4.1),,Irregular (major versions every few years),Country to level 2 (emirate level for UAE),https://gadm.org/,Country to level 2 (emirate level for UAE),4,,No (direct download),TIER1_BEST_DATASETS.csv
ARE,United Arab Emirates,GeoDubai DEM,Dubai Municipality GIS Center,Elevation / Terrain (DEM),,Restricted (requires approval through GeoDubai portal),"Current, updated regularly",,Continuous updates to base map,High-quality official data for Dubai emirate; integrated with Digital Twin initiative including 3D building models[4][5],https://geodubai.dm.gov.ae/,,4,,Yes (REST API available),TIER1_BEST_DATASETS.csv
ARE,United Arab Emirates,Global Surface Water Explorer,European Commission JRC,Hydrology / Water,,Open/Free,1984-present,,Annual updates,30m,https://global-surface-water.appspot.com/,30m,4,,Yes (Google Earth Engine),TIER1_BEST_DATASETS.csv
ARE,United Arab Emirates,Google Dynamic World (Sentinel-2),Google/WRI,Land Cover / Land Use,,Open/Free,2015-present (near real-time),,Continuous (every 2-5 days with Sentinel-2),10m,,10m,3,,Yes (Google Earth Engine),TIER1_BEST_DATASETS.csv
ARE,United Arab Emirates,Gulf Countries DEM,NASA/USGS via Humanitarian Data Exchange,Elevation / Terrain (DEM),,Open/Free,2000,,Static,Coarse resolution limits utility for detailed pipeline routing; useful for regional overview only[8],https://data.humdata.org/dataset/gulf-countries-elevation-model,,3,,No,TIER1_BEST_DATASETS.csv
ARE,United Arab Emirates,HERE Maps,HERE Technologies,Infrastructure - Roads,,Commercial/Purchase (licensing required),Current,,Continuous (quarterly major releases),Sub-meter accuracy in urban areas,https://www.here.com/,Sub-meter accuracy in urban areas,5,,"Yes (HERE REST APIs - Maps, Routing, Traffic)",TIER1_BEST_DATASETS.csv
ARE,United Arab Emirates,HydroSHEDS,USGS / Conservation International,Hydrology / Water,,Open/Free,Based on SRTM 2000 data,,Static,15 arc-seconds (~450m at equator),https://www.hydrosheds.org/,15 arc-seconds (~450m at equator),3,,No (direct download),TIER1_BEST_DATASETS.csv
ARE,United Arab Emirates,LandScan Global,Oak Ridge National Laboratory,Population / Demographics,,Free (registration required) for select countries; commercial for others,Annual (2000-present),,Annual,Ambient population model (daytime distribution); good for infrastructure planning; moderate resolution,https://landscan.ornl.gov/,,4,,No,TIER1_BEST_DATASETS.csv
ARE,United Arab Emirates,Maxar High-Resolution Imagery,"Maxar Technologies (WorldView constellation, Legion satellites)",Satellite Imagery (Commercial & Free),,Commercial/Purchase (licensing required),Archive from 2000s + tasking,,Tasking available (up to 15 revisits/day for some locations),"30-50 cm (commercial), up to 15 cm (government programs)",https://www.maxar.com/,"30-50 cm (commercial), up to 15 cm (government programs)",5,,"Yes (through partners like UP42, or direct Maxar API)",TIER1_BEST_DATASETS.csv
ARE,United Arab Emirates,Military Zones and Restricted Areas,UAE Armed Forces / Ministry of Defence,Additional datasets for UAE,,Highly Restricted (security classification),Current,,As restrictions change,Polygon boundaries,,Polygon boundaries,3,,No,TIER1_BEST_DATASETS.csv
ARE,United Arab Emirates,National Water Resources Database,Ministry of Climate Change and Environment / UAE University research,Hydrology / Water,,Restricted/Academic,Historical to current,,Ongoing research updates,Variable,,Variable,3,,No,TIER1_BEST_DATASETS.csv
ARE,United Arab Emirates,OneGeology,International geological surveys collaboration,Geology / Soil,,Open/Free (web services),Variable,,Depends on national survey contributions,Variable by country (UAE limited contribution),http://www.onegeology.org/,Variable by country (UAE limited contribution),3,,Yes (WMS/WFS services),TIER1_BEST_DATASETS.csv
ARE,United Arab Emirates,OpenInfraMap / OpenStreetMap Utilities,OpenStreetMap Community,"Infrastructure - Utilities (Power, Telecom)",,Open/Free,Current,,Community-driven,Variable,https://openinframap.org/,Variable,3,,Yes (Overpass API),TIER1_BEST_DATASETS.csv
ARE,United Arab Emirates,OpenStreetMap UAE Pipelines,OpenStreetMap Community,Infrastructure - Pipelines,,Open/Free,Current,,Community-driven,Variable,https://www.openstreetmap.org/,Variable,3,,Yes (Overpass API),TIER1_BEST_DATASETS.csv
ARE,United Arab Emirates,OpenStreetMap UAE Railways,OpenStreetMap Community,Infrastructure - Railways,,Open/Free,Current,,Community-driven,Variable,https://www.openstreetmap.org/,Variable,3,,Yes (Overpass API),TIER1_BEST_DATASETS.csv
ARE,United Arab Emirates,OpenStreetMap UAE Roads,OpenStreetMap Community,Infrastructure - Roads,,Open/Free (ODbL license),Current (continuously updated),,Real-time (crowdsourced),Variable (sub-meter where traced),https://www.openstreetmap.org/,Variable (sub-meter where traced),5,,"Yes (Overpass API, OSM API)",TIER1_BEST_DATASETS.csv
ARE,United Arab Emirates,Planet Labs,Planet Labs,Satellite Imagery (Commercial & Free),,Commercial/Purchase (subscription-based),"Daily global coverage (PlanetScope), archive + tasking (SkySat)",,"Daily (PlanetScope), tasking available (SkySat)","3-5m (PlanetScope), 50 cm (SkySat)",https://www.planet.com/,"3-5m (PlanetScope), 50 cm (SkySat)",4,,Yes (Planet API),TIER1_BEST_DATASETS.csv
ARE,United Arab Emirates,Sabkha (Salt Flat) Mapping,Various research institutions and geological surveys,Additional datasets for UAE,,Academic/Restricted,Various research periods,,Research-dependent,Variable (regional to detailed studies),,Variable (regional to detailed studies),3,,No,TIER1_BEST_DATASETS.csv
ARE,United Arab Emirates,Sand Dune and Aeolian Features,Remote sensing analysis and field surveys,Additional datasets for UAE,,Can be derived from satellite imagery,Current,,Dynamic features requiring periodic monitoring,Variable (derived from satellite imagery and DEM),,Variable (derived from satellite imagery and DEM),3,,No specific API (derive from imagery),TIER1_BEST_DATASETS.csv
ARE,United Arab Emirates,Seismic Hazard Data,National Seismic Network (operated by USGS for UAE),Additional datasets for UAE,,Limited (contact NCM or relevant authorities),Historical seismicity records,,"Continuous monitoring, hazard maps updated periodically",Station network data and regional hazard maps,,Station network data and regional hazard maps,2,,Limited,TIER1_BEST_DATASETS.csv
ARE,United Arab Emirates,Sentinel-2,European Space Agency / Copernicus Programme,Satellite Imagery (Commercial & Free),,Open/Free,2015-present,,5-day revisit (2 satellites),"10m (RGB, NIR), 20m (red edge, SWIR), 60m (atmospheric)",https://dataspace.copernicus.eu/,"10m (RGB, NIR), 20m (red edge, SWIR), 60m (atmospheric)",5,,"Yes (Copernicus Data Space API, Google Earth Engine, AWS)",TIER1_BEST_DATASETS.csv
ARE,United Arab Emirates,TomTom MultiNet,TomTom,Infrastructure - Roads,,Commercial/Purchase,Current,,Quarterly updates,Sub-meter in urban areas,https://www.tomtom.com/,Sub-meter in urban areas,3,,"Yes (TomTom Maps API, Traffic API)",TIER1_BEST_DATASETS.csv
ARE,United Arab Emirates,UAE Census Data,Federal Competitiveness and Statistics Centre,Population / Demographics,,Restricted (some data via 1Map platform),"2005, 2015, 2021+ censuses",,"Census every 10 years, estimates annually",Official census data; most accurate population counts and demographics; limited spatial granularity in published data[43][42],https://www.fcsc.gov.ae/,,3,,Limited (through 1Map ArcGIS services),TIER1_BEST_DATASETS.csv
ARE,United Arab Emirates,UAE Electricity Transmission Network,Federal Electricity and Water Authority (FEWA) / Emirates utilities,"Infrastructure - Utilities (Power, Telecom)",,Restricted (requires formal utility coordination),Current,,As infrastructure changes,Engineering grade,,Engineering grade,3,,No,TIER1_BEST_DATASETS.csv
ARE,United Arab Emirates,UAE Federal Competitiveness and Statistics Centre (FCSC) - 1Map,Federal Competitiveness and Statistics Centre,Administrative Boundaries,,Restricted (portal registration required),Current,,Regular updates,"Multi-level (emirate, district, sub-district, urban areas)",https://u.ae/en/about-the-uae/digital-uae/data/geospatial-data-platforms/1map,"Multi-level (emirate, district, sub-district, urban areas)",3,,Yes (ArcGIS-based web services),TIER1_BEST_DATASETS.csv
ARE,United Arab Emirates,UAE Government Pipeline Registry,Ministry of Energy and Infrastructure,Infrastructure - Pipelines,,Restricted (requires formal request and justification),Current,,Regulatory reporting basis,Variable,https://www.moei.gov.ae/,Variable,3,,No,TIER1_BEST_DATASETS.csv
ARE,United Arab Emirates,UAE Groundwater Vulnerability Maps,Ministry of Energy and Infrastructure / Environment Agency Abu Dhabi,Additional datasets for UAE,,Restricted (formal request required),Based on hydrogeological map (2023),,Major updates every few years,Variable,,Variable,3,,No,TIER1_BEST_DATASETS.csv
ARE,United Arab Emirates,UAE Hydrogeological Map,Ministry of Energy and Infrastructure & Environment Agency Abu Dhabi,Hydrology / Water,,Restricted (requires formal request),2023 (latest release),,Major updates every few years,National scale,https://www.moei.gov.ae/,National scale,3,,No,TIER1_BEST_DATASETS.csv
ARE,United Arab Emirates,UAE National Center of Meteorology,National Center of Meteorology UAE,Climate / Weather,,Restricted (requires API registration and approval),Historical archive and current/forecast,,"Real-time (10-minute updates), daily archives",Station-based and gridded products,https://api.ncm.gov.ae/documentation/,Station-based and gridded products,5,,Yes (NCM API v2.0 with authentication),TIER1_BEST_DATASETS.csv
ARE,United Arab Emirates,UAE National Land Use Data,Ministry of Energy and Infrastructure (MOEI) / Emirates authorities,Land Cover / Land Use,,Restricted (requires formal request through MOEI or emirate SDI portals),Current,,Irregular,Variable by emirate,https://opendata.moei.gov.ae,Variable by emirate,3,,Limited (portal-based access),TIER1_BEST_DATASETS.csv
ARE,United Arab Emirates,UAE National Road Network,Ministry of Energy and Infrastructure,Infrastructure - Roads,,Restricted (requires formal data request),Current,,Continuous,National standard,https://opendata.moei.gov.ae,National standard,3,,Possible through MOEI Open Data Portal,TIER1_BEST_DATASETS.csv
ARE,United Arab Emirates,UAE Protected Areas,Ministry of Climate Change and Environment (MOCCAE) / Environment Agency Abu Dhabi,Protected Areas / Environmental,,Restricted/Open (some data via MOCCAE Open Data),Current,,As designations change,High resolution (polygon boundaries),https://www.moccae.gov.ae/en/open-data/moccae-open-data,High resolution (polygon boundaries),3,,Limited,TIER1_BEST_DATASETS.csv
ARE,United Arab Emirates,UAE Railway Network,Ministry of Energy and Infrastructure / Etihad Rail,Infrastructure - Railways,,Restricted (requires formal request),Current (network under expansion),,Updated as construction progresses,Engineering grade,,Engineering grade,3,,No,TIER1_BEST_DATASETS.csv
ARE,United Arab Emirates,UAE Road and Aviation Development Plans,Ministry of Energy and Infrastructure / Civil Aviation Authority,Additional datasets for UAE,,Restricted (project coordination required),Future planning horizons,,As plans are updated,Project-specific,https://www.moei.gov.ae/,Project-specific,3,,No,TIER1_BEST_DATASETS.csv
ARE,United Arab Emirates,USGS Arabian Peninsula Geology,U.S. Geological Survey,Geology / Soil,,Open/Free,2000,,Static,"Regional scale (1:2,000,000+)",https://certmapper.cr.usgs.gov/data/apps/world-maps/,"Regional scale (1:2,000,000+)",3,,No,TIER1_BEST_DATASETS.csv
ARE,United Arab Emirates,World Database on Protected Areas,UNEP-WCMC and IUCN,Protected Areas / Environmental,,Open/Free (with some restrictions on commercial use),Current (updated monthly),,Monthly,Polygon boundaries,https://www.protectedplanet.net/en/country/ARE,Polygon boundaries,4,,Yes (available through Google Earth Engine and IBAT),TIER1_BEST_DATASETS.csv
ARE,United Arab Emirates,WorldClim v2,WorldClim project (University of California),Climate / Weather,,Open/Free,Historical averages (1970-2000) and future scenarios,,Static climatologies,30 arc-seconds (~1 km at equator),https://www.worldclim.org/,30 arc-seconds (~1 km at equator),4,,No (direct download),TIER1_BEST_DATASETS.csv
ARE,United Arab Emirates,WorldPop UAE,WorldPop / University of Southampton,Population / Demographics,,Open/Free,2000-2020 (annual),,Annual releases,High-resolution gridded population estimates; 100m version is building-footprint constrained; Random Forests methodology; UN-adjusted totals; excellent for spatial population distribution analysis; preferred global dataset for UAE[47][48][49][50],https://hub.worldpop.org/,,5,,Yes (WorldPop API),TIER1_BEST_DATASETS.csv
AUS,Australia,Elvis (Elevation Information System),Geoscience Australia,Raster DTM/DSM (1-5m LiDAR-derived),,Open (CC BY 4.0),2010,Present,Continuous expansion,Available,https://elevation.fsdf.org.au/,,,,,COUNTRY_COVERAGE_LONG.csv
AUT,Austria,DTM Austria,BEV (Federal Office of Metrology and Surveying),Raster DTM (1m),,Open/Commercial varies,2010,Present,Ongoing,Available,https://www.bev.gv.at/,,,,,COUNTRY_COVERAGE_LONG.csv
BHR,Bahrain,AB4 Pipeline,BAPCO / Saudi Aramco,INFRASTRUCTURE - PIPELINES,,Restricted,Operational since November 2018,,,"Major international crude oil pipeline; replaced older 230,000 bpd link; must be considered in routing analysis for setback requirements[24][23]",,,3,,,TIER1_BEST_DATASETS.csv
BHR,Bahrain,Airbus Defence and Space,Airbus Defence and Space,SATELLITE IMAGERY,,Commercial license required,Archive from 2011-present; tasking available,,On-demand tasking,Very high quality; competitive with Maxar; Pléiades Neo constellation (4 satellites) provides 50cm resolution; excellent for detailed engineering; good alternative to Maxar with strong coverage in Middle East[55][54],https://www.intelligence-airbusds.com/,Very high quality; competitive with Maxar; Pléiades Neo constellation (4 satellites) provides 50cm resolution; excellent for detailed engineering; good alternative to Maxar with strong coverage in Middle East[55][54],3,,Yes - OneAtlas API,TIER1_BEST_DATASETS.csv
BHR,Bahrain,Al Areen Wildlife Park and Reserve,,PROTECTED AREAS / ENVIRONMENTAL,,Law-designated protected area; restricted access except for researchers,,,,,,,3,,,TIER1_BEST_DATASETS.csv
BHR,Bahrain,Arabian Plate Seismicity - Regional Context,USGS / Regional seismic networks,SPECIAL DATASETS FOR BAHRAIN,,Global seismic hazard maps freely available,,,,Seismic design considerations minimal for Bahrain; regional seismic data adequate; no national seismic network or specific hazard maps needed for Bahrain[59],https://earthquake.usgs.gov/,,3,,,TIER1_BEST_DATASETS.csv
BHR,Bahrain,ASTER GDEM Version 3,NASA/METI (Japan),ELEVATION/TERRAIN (DEM),,Open/Free,2000-2013 composite,,Static (Version 3 released 2019),Lower accuracy than SRTM and Copernicus DEM; significant artifacts and noise; not recommended for precision pipeline routing[3][2],https://earthdata.nasa.gov/,,2,,Yes - NASA Earthdata API,TIER1_BEST_DATASETS.csv
BHR,Bahrain,Bahrain Authority for Culture and Antiquities - Archaeological Sites Register,Bahrain Authority for Culture and Antiquities (BACA),SPECIAL DATASETS FOR BAHRAIN,,Restricted - requires consultation with BACA for project planning,,,,"Essential for pipeline routing; thousands of archaeological sites including burial mounds, tells, settlement sites; rescue archaeology protocols required; consultation mandatory for infrastructure projects[58]",,,3,,,TIER1_BEST_DATASETS.csv
BHR,Bahrain,Bahrain Meteorological Directorate,"Official national source; includes temperature, rainfall (average ~70mm/year), humidity, wind, sandstorms; essential for pipeline design parameters (extreme temperatures, corrosion rates); arid climate data critical[37][15]",CLIMATE / WEATHER,,Some data publicly available; detailed data requires request,Historical records (1950s-present) and real-time data,,"Real-time observations, daily forecasts",Point stations and national forecasts,,Point stations and national forecasts,3,,Limited web services,TIER1_BEST_DATASETS.csv
BHR,Bahrain,Bahrain Note on Surface Water,National environmental agencies,HYDROLOGY / WATER,,,,,,"Any ""hydrography"" data for Bahrain is limited to wadis (dry valleys), coastal features, and man-made water infrastructure (pipelines, treatment plants)[15][16]",,,3,,,TIER1_BEST_DATASETS.csv
BHR,Bahrain,Bahrain Open Data Portal - Road Network Length,Information & eGovernment Authority,INFRASTRUCTURE - ROADS,,Open/Free,2021-2022,,Annual,"Statistical data (surfaced roads: 4,543 km; unsurfaced: 730 km as of 2022)",https://www.data.gov.bh/,"Statistical data (surfaced roads: 4,543 km; unsurfaced: 730 km as of 2022)",3,,Yes - CKAN-based API,TIER1_BEST_DATASETS.csv
BHR,Bahrain,Bahrain Spatial Data Infrastructure (BSDI) Land Use Layers,Central Informatics Organisation (CIO) - GIS Directorate,LAND COVER / LAND USE,,Restricted - available to government agencies and authorized organizations (30+ organizations currently use BSDI),Current (regularly updated),,Continuous updates through as-built surveys,"Vector data derived from 1:1,000 national mapping",https://www.bsdi.gov.bh,"Vector data derived from 1:1,000 national mapping",5,,No public API (internal government portal only),TIER1_BEST_DATASETS.csv
BHR,Bahrain,Bahrain Surface Materials Resources Survey (1975-76),UK Military Survey / Geological Survey (historical cooperation),GEOLOGY / SOIL,,Accessible through Digital Maps Archive of Bahrain / SLRB,1975-1976 field surveys,,Static historical dataset,"1:10,000 scale geology and soil maps",https://mapbh.org/en/,"1:10,000 scale geology and soil maps",3,,No,TIER1_BEST_DATASETS.csv
BHR,Bahrain,BAPCO (Bahrain Petroleum Company) Pipeline Infrastructure Data,"Authoritative source for oil and gas pipeline locations; includes AB4 crude oil pipeline (118 km, 30-inch, 400,000 bpd capacity connecting Sitra Refinery to Saudi Aramco's Abqaiq plant); critical for conflict avoidance in new pipeline routing[23][24][25]",INFRASTRUCTURE - PIPELINES,,https://www.bapcoenergies.com/ (contact for data access),Current operational pipelines,,Updated with new construction and modifications,Engineering-grade precision (as-built drawings),,Engineering-grade precision (as-built drawings),3,,No public API,TIER1_BEST_DATASETS.csv
BHR,Bahrain,BSDI Administrative Boundaries,Central Informatics Organisation / Survey and Land Registration Bureau,ADMINISTRATIVE BOUNDARIES,,Restricted - through BSDI Portal for authorized users,Current (governorate boundaries updated as needed),,Updated with administrative changes,Vector polygons at national mapping accuracy,https://www.bsdi.gov.bh,Vector polygons at national mapping accuracy,3,,"Official national boundaries; includes 4 governorates (Northern, Southern, Muharraq, Capital); highest authority for administrative boundaries; essential for regulatory compliance[5][6][7]",TIER1_BEST_DATASETS.csv
BHR,Bahrain,BSDI Electricity & Water Transmission and Distribution,Central Informatics Organisation / Electricity & Water Authority (EWA),"INFRASTRUCTURE - UTILITIES (Power, Telecom)",,Restricted - available to government and authorized utilities organizations,Current,,Continuous updates from EWA and as-built surveys,Vector data with precise infrastructure locations,https://www.bsdi.gov.bh,Vector data with precise infrastructure locations,3,,No public API,TIER1_BEST_DATASETS.csv
BHR,Bahrain,BSDI Gas & Oil Pipelines Layer,Central Informatics Organisation / Bahrain Petroleum Company (BAPCO) / nogaholding,INFRASTRUCTURE - PIPELINES,,Restricted - highly sensitive infrastructure data; available only to authorized government agencies and oil/gas operators,Current,,Continuous updates from operators and as-built surveys,Vector data with precise pipeline locations,https://www.bsdi.gov.bh,Vector data with precise pipeline locations,3,,No public API,TIER1_BEST_DATASETS.csv
BHR,Bahrain,BSDI Road Network,Central Informatics Organisation / Survey and Land Registration Bureau,INFRASTRUCTURE - ROADS,,No public API (internal BSDI portal access only),Current (continuously updated),,"Real-time updates from as-built surveys, Ministry of Transportation, and traffic management systems","Vector data at 1:1,000 mapping accuracy",https://www.bahrain.bh/wps/portal/en/BNP/ExploreBahrain/GeographicInformationSystems,"Vector data at 1:1,000 mapping accuracy",5,,,TIER1_BEST_DATASETS.csv
BHR,Bahrain,BSDI Telecommunications Infrastructure,Central Informatics Organisation / Telecommunications operators,"INFRASTRUCTURE - UTILITIES (Power, Telecom)",,Restricted,Current,,Continuous,Vector data,https://www.bsdi.gov.bh,Vector data,3,,No public API,TIER1_BEST_DATASETS.csv
BHR,Bahrain,BSDI Water Infrastructure Layers,Central Informatics Organisation - BSDI Portal,HYDROLOGY / WATER,,Restricted to authorized organizations,Current,,Continuous,Vector data (precise infrastructure locations),https://www.bsdi.gov.bh,Vector data (precise infrastructure locations),3,,No public API,TIER1_BEST_DATASETS.csv
BHR,Bahrain,Copernicus Climate Change Service (C3S) Data,"Comprehensive climate data portal; includes ERA5, seasonal forecasts, climate projections; excellent resource for environmental impact assessment[39]",CLIMATE / WEATHER,,Open/Free,Historical and forecasts,,Continuous,Variable (multiple products),https://climate.copernicus.eu/,Variable (multiple products),3,,Yes - CDS API,TIER1_BEST_DATASETS.csv
BHR,Bahrain,Copernicus DEM GLO-30,European Space Agency / Copernicus Programme,ELEVATION/TERRAIN (DEM),,Open/Free,2010-2015 (based on TanDEM-X/WorldDEM),,Static product (no regular updates planned),30m (GLO-30 / 1 arc-second),https://dataspace.copernicus.eu/explore-data/data-collections/copernicus-contributing-missions/collections-description/COP-DEM,30m (GLO-30 / 1 arc-second),3,,Yes - via Copernicus Data Space Ecosystem API,TIER1_BEST_DATASETS.csv
BHR,Bahrain,Copernicus DEM GLO-90,European Space Agency / Copernicus Programme,ELEVATION/TERRAIN (DEM),,Open/Free,2010-2015,,Static product,90m (GLO-90 / 3 arc-seconds),https://dataspace.copernicus.eu/explore-data/data-collections/copernicus-contributing-missions/collections-description/COP-DEM,90m (GLO-90 / 3 arc-seconds),3,,Yes - via Copernicus Data Space Ecosystem API,TIER1_BEST_DATASETS.csv
BHR,Bahrain,DEM-2.5,Survey and Land Registration Bureau (SLRB),ELEVATION/TERRAIN (DEM),,Restricted - requires formal request from SLRB,Based on national mapping program (ongoing updates),,Updated through as-built surveys and UAV captures,"Excellent accuracy (±0.55m RMSE), best available for Bahrain; derived from high-quality national topographic mapping at 1:1,000 base scale with 137 surface feature types[1][2]",https://www.slrb.gov.bh/en/,,5,,No public API,TIER1_BEST_DATASETS.csv
BHR,Bahrain,DEM-5,Survey and Land Registration Bureau (SLRB),ELEVATION/TERRAIN (DEM),,Restricted - requires formal request from SLRB,Historical national mapping,,Periodic updates,Very good accuracy (±1.0m RMSE); suitable for regional analysis[2],https://www.slrb.gov.bh/en/,,4,,No public API,TIER1_BEST_DATASETS.csv
BHR,Bahrain,ERA5 Reanalysis,European Centre for Medium-Range Weather Forecasts (ECMWF) / Copernicus Climate Change Service,CLIMATE / WEATHER,,Open/Free,January 1940-present (1991-2020 current climatology),,Continuous (hourly data with ~5-day lag),"31 km grid (0.25° x 0.25°), 137 vertical levels",,"31 km grid (0.25° x 0.25°), 137 vertical levels",3,,Yes - CDS API (Climate Data Store),TIER1_BEST_DATASETS.csv
BHR,Bahrain,ESA WorldCover 2021,European Space Agency (ESA WorldCover Consortium),LAND COVER / LAND USE,,Open/Free (CC-BY-4.0 license),2021 (2020 version also available),,Annual updates planned,Excellent quality with 11 land cover classes; highest resolution global land cover product; derived from Sentinel-1 radar and Sentinel-2 optical data; highly accurate for Bahrain's desert and urban environments[8][9][10][11],https://esa-worldcover.org,Excellent quality with 11 land cover classes; highest resolution global land cover product; derived from Sentinel-1 radar and Sentinel-2 optical data; highly accurate for Bahrain's desert and urban environments[8][9][10][11],3,,"Yes - WMS/WMTS services, Google Earth Engine API",TIER1_BEST_DATASETS.csv
BHR,Bahrain,Esri Sentinel-2 Land Use/Land Cover (10m Global),Esri / Impact Observatory,LAND COVER / LAND USE,,Free for non-commercial use,Good temporal continuity; useful for change detection; 9-class system; complementary to ESA WorldCover[12][13],,Annual,10m resolution,https://livingatlas.arcgis.com/landcoverexplorer/,10m resolution,3,,Yes - ArcGIS Living Atlas API,TIER1_BEST_DATASETS.csv
BHR,Bahrain,FAO Harmonized World Soil Database,FAO / IIASA,GEOLOGY / SOIL,,Open/Free,Composite (based on various national surveys),,Version 1.2 (2012) - static,"Coarse resolution; suitable for regional context only; national 1:10,000 soil maps far superior for pipeline routing in Bahrain[31]",https://www.fao.org/soils-portal/,"Coarse resolution; suitable for regional context only; national 1:10,000 soil maps far superior for pipeline routing in Bahrain[31]",3,,No dedicated API,TIER1_BEST_DATASETS.csv
BHR,Bahrain,GADM,"Good global coverage; includes Bahrain governorate and sub-governorate boundaries; adequate for general use but verify against national sources for regulatory purposes; includes ADM0 (country), ADM1 (governorates), ADM2 (municipalities)[42]",ADMINISTRATIVE BOUNDARIES,,Open/Free (academic use; commercial license required for commercial use),Version 4.1 (2022),,Periodic version releases,Vector polygons (multiple administrative levels),https://gadm.org/,Vector polygons (multiple administrative levels),3,,No - direct download only,TIER1_BEST_DATASETS.csv
BHR,Bahrain,Global Surface Water Explorer,European Commission Joint Research Centre,HYDROLOGY / WATER,,Open/Free,1984-2021,,Annual updates,30m resolution,https://global-surface-water.appspot.com/,30m resolution,3,,Yes - Google Earth Engine,TIER1_BEST_DATASETS.csv
BHR,Bahrain,Google Dynamic World (Sentinel-2 Based),Google / World Resources Institute,LAND COVER / LAND USE,,Near-real-time land cover with probability scores for each class; excellent for monitoring rapid development; requires Google Earth Engine access[11],2015-present (near-real-time),,Every 2-5 days (Sentinel-2 revisit),10m resolution,https://www.dynamicworld.app/,10m resolution,5,,Yes - Google Earth Engine API only,TIER1_BEST_DATASETS.csv
BHR,Bahrain,Gridded Population of the World (GPW) v4,NASA SEDAC / Columbia University,POPULATION / DEMOGRAPHICS,,Open/Free,"2000, 2005, 2010, 2015, 2020",,Every 5 years,Census-based population distribution; lower resolution than WorldPop; suitable for regional context[51],https://sedac.ciesin.columbia.edu/data/collection/gpw-v4,,3,,NASA SEDAC API,TIER1_BEST_DATASETS.csv
BHR,Bahrain,Groundwater Salinity and Contamination Mapping,Water Resources Management Unit / Ministry of Oil,SPECIAL DATASETS FOR BAHRAIN,,Research/government access,,,,Important for understanding soil corrosivity and contamination risks; groundwater over-extraction has caused widespread salinization; areas of influence mapped; relevant for cathodic protection design and leak detection planning[16],,,3,,,TIER1_BEST_DATASETS.csv
BHR,Bahrain,Hawar Islands Protected Area,,PROTECTED AREAS / ENVIRONMENTAL,,Gazetted 1997; state-owned; military restricted access,,,,,,,3,,,TIER1_BEST_DATASETS.csv
BHR,Bahrain,HERE Technologies Road Data,HERE Technologies,INFRASTRUCTURE - ROADS,,"Very high quality; includes advanced routing attributes (speed limits, restricted access, height/weight restrictions); real-time traffic integration; commercial-grade for pipeline routing applications[21]",Current (quarterly updates for Middle East),,Quarterly,Sub-meter accuracy for road geometry,https://www.here.com/,Sub-meter accuracy for road geometry,4,,"Yes - HERE Maps API, Routing API, Traffic API",TIER1_BEST_DATASETS.csv
BHR,Bahrain,Humanitarian Data Exchange (HDX) - COD Boundaries,Outdated boundaries (2008 source); suitable for humanitarian context but NOT recommended for pipeline routing; use national BSDI or recent GADM instead[42],ADMINISTRATIVE BOUNDARIES,,Open/Free,December 2008 (last major update),,Annual review (last updated November 2020),Vector polygons (Level 0 only for Bahrain),https://data.humdata.org/dataset/cod-ab-bhr,Vector polygons (Level 0 only for Bahrain),3,,Yes - HDX API,TIER1_BEST_DATASETS.csv
BHR,Bahrain,HydroSHEDS,WWF / USGS,HYDROLOGY / WATER,,Open/Free,Based on SRTM 2000,,Static,15 arc-second (~500m),https://www.hydrosheds.org/,15 arc-second (~500m),3,,No dedicated API,TIER1_BEST_DATASETS.csv
BHR,Bahrain,Information & eGovernment Authority - National Statistics,Official source for administrative statistics; boundaries align with BSDI[19],ADMINISTRATIVE BOUNDARIES,,Publicly available statistics,Current,,With census and administrative updates,Statistical boundaries,https://www.data.gov.bh/,Statistical boundaries,3,,Limited,TIER1_BEST_DATASETS.csv
BHR,Bahrain,Information & eGovernment Authority - Population Statistics,Information & eGovernment Authority,POPULATION / DEMOGRAPHICS,,Open/Free (summary statistics),Census data (most recent 2020 census: 1.5 million population),,Census every 10 years; annual estimates,Official population counts; 1.6 million population (2024); highly urbanized (89%); essential for understanding population exposure in pipeline routing; governorate-level detail available[43][44],https://www.data.gov.bh/,,3,,Limited data API,TIER1_BEST_DATASETS.csv
BHR,Bahrain,LandScan Global Population,Oak Ridge National Laboratory (ORNL) / US Department of Energy,POPULATION / DEMOGRAPHICS,,Free for US government and qualified users; commercial license available,Annual products (2000-present),,Annual,Ambient population distribution (24-hour average); accounts for daytime/nighttime population movement; slightly coarser than WorldPop but sophisticated methodology; good for risk assessment; licensing restrictions may apply[49][50][51],https://landscan.ornl.gov/,,4,,No public API,TIER1_BEST_DATASETS.csv
BHR,Bahrain,Marine Charts and Bathymetry,SLRB (hydrographic survey services) / Regional maritime authorities,SPECIAL DATASETS FOR BAHRAIN,,Maritime charts publicly available; detailed bathymetry may be restricted,,,,Important for submarine pipeline routes; Gulf waters generally shallow around Bahrain; AB4 pipeline route provides precedent for offshore construction[24][1],,,2,,,TIER1_BEST_DATASETS.csv
BHR,Bahrain,Maxar,Maxar Technologies,SATELLITE IMAGERY,,Commercial license required,Archive from 2008-present; tasking for new imagery,,On-demand tasking; archive refresh varies,"Highest resolution commercial imagery available; excellent for detailed pipeline routing, engineering surveys, as-built verification, and obstruction identification; multispectral and panchromatic; sub-meter accuracy with orthorectification; preferred for final route optimization and permitting; costly but industry standard[54]",https://www.maxar.com/products/imagery,"Highest resolution commercial imagery available; excellent for detailed pipeline routing, engineering surveys, as-built verification, and obstruction identification; multispectral and panchromatic; sub-meter accuracy with orthorectification; preferred for final route optimization and permitting; costly but industry standard[54]",3,,"Yes - Maxar SecureWatch API, ARD API",TIER1_BEST_DATASETS.csv
BHR,Bahrain,Military Installations and Restricted Airspace,Bahrain Defence Force / Civil Aviation Affairs,SPECIAL DATASETS FOR BAHRAIN,,Restricted - formal permissions required,,,,Major constraint for pipeline routing; consultation with security authorities mandatory; some areas absolutely prohibited; visible in commercial satellite imagery but official boundaries require government consultation[52],,,3,,,TIER1_BEST_DATASETS.csv
BHR,Bahrain,Ministry of Municipalities Affairs & Agriculture - Protected Areas Registry,"Authoritative national source; 6 designated protected areas (1 terrestrial, 5 marine); includes boundaries and management zones[26][27][28]",PROTECTED AREAS / ENVIRONMENTAL,,Restricted - request from environmental authorities; some data in BSDI,Current (established 1995-1997),,Periodic updates as designations change,Vector polygon data,https://www.bahrain.bh/,Vector polygon data,3,,No public API,TIER1_BEST_DATASETS.csv
BHR,Bahrain,Ministry of Oil - Water Resources Management Unit Data,"Water Resources Management (WRM) Unit, Ministry of Oil",HYDROLOGY / WATER,,Restricted - government/research institutions only,Current operational data,,Continuous monitoring,National scale groundwater and desalination infrastructure,,National scale groundwater and desalination infrastructure,3,,No public API,TIER1_BEST_DATASETS.csv
BHR,Bahrain,Ministry of Transportation and Telecommunications (MTT) Road Data,"Official source for road classifications, traffic regulations, and construction updates; integrates with BSDI[18]",INFRASTRUCTURE - ROADS,,Restricted - government use; some data available through eServices,Current,,Continuous (integrated with traffic management systems),Operational road network data,https://www.mtt.gov.bh/,Operational road network data,3,,Limited API through MyGov application for traffic services,TIER1_BEST_DATASETS.csv
BHR,Bahrain,OneGeology Portal,OneGeology Consortium (international geological surveys),GEOLOGY / SOIL,,Access to international geological data; limited specific Bahrain data but provides regional context[36],Current,,As national surveys contribute,Variable (national survey contributions),http://www.onegeology.org/,Variable (national survey contributions),3,,Yes - WMS services,TIER1_BEST_DATASETS.csv
BHR,Bahrain,OpenInfraMap / OpenStreetMap Utilities,Incomplete coverage for Bahrain; some major transmission lines and substations mapped; NOT reliable for pipeline routing without verification; supplementary data source only[7],"INFRASTRUCTURE - UTILITIES (Power, Telecom)",,Open/Free,Current,,,Variable,https://openinframap.org/,Variable,3,,Yes - Overpass API,TIER1_BEST_DATASETS.csv
BHR,Bahrain,OpenStreetMap,,INFRASTRUCTURE - ROADS,,,,,,Qualifier: OSM,,,3,,,TIER1_BEST_DATASETS.csv
BHR,Bahrain,OpenStreetMap Bahrain Roads,Continuous crowdsourced updates,INFRASTRUCTURE - ROADS,,Open/Free (ODbL license),"Current (continuously updated since 2007, major ground survey 2017)",,,Variable (street-level detail),https://www.openstreetmap.org/,Variable (street-level detail),3,,"Approximately 94% completeness (9,800 km mapped); high quality in Manama and major cities from 2017 Kaart ground survey with Mapillary imagery; includes street names, classifications, turn restrictions, lanes, surface types; substantial construction development since 2017 may not be captured; northwest rural areas have some missing roads; excellent free alternative but less current than BSDI[20][21]",TIER1_BEST_DATASETS.csv
BHR,Bahrain,OpenStreetMap Pipelines,Sporadic crowdsourced updates,INFRASTRUCTURE - PIPELINES,,Open/Free,Partial coverage,,,Variable (incomplete),https://www.openstreetmap.org/,Variable (incomplete),3,,Yes - Overpass API,TIER1_BEST_DATASETS.csv
BHR,Bahrain,OpenStreetMap Railways,OpenStreetMap Foundation,INFRASTRUCTURE - RAILWAYS,,Open/Free,Current,,Continuous,N/A (minimal/no railways),https://www.openstreetmap.org/,N/A (minimal/no railways),3,,Yes - Overpass API,TIER1_BEST_DATASETS.csv
BHR,Bahrain,Planet Labs,Planet Labs,SATELLITE IMAGERY,,Commercial subscription required,2016-present (daily global coverage with PlanetScope),,Daily revisit (PlanetScope constellation of 200+ satellites); SkySat tasking,"Unique value proposition of daily monitoring at 3m resolution; SkySat provides 50cm when needed; excellent for construction monitoring, change detection, and security; more affordable than Maxar/Airbus for frequent monitoring; daily coverage useful for tracking development along corridor[54]",https://www.planet.com/,"Unique value proposition of daily monitoring at 3m resolution; SkySat provides 50cm when needed; excellent for construction monitoring, change detection, and security; more affordable than Maxar/Airbus for frequent monitoring; daily coverage useful for tracking development along corridor[54]",3,,Yes - Planet API,TIER1_BEST_DATASETS.csv
BHR,Bahrain,Reclamation Projects and Artificial Islands,SLRB / Ministry of Municipalities Affairs & Agriculture,SPECIAL DATASETS FOR BAHRAIN,,Through BSDI and SLRB,Ongoing (rapid development),,SLRB updates through as-built surveys and UAV mapping,Critical for pipeline routing in coastal areas; reclaimed land has different geotechnical properties; frequent updates needed due to ongoing construction; Sentinel-2 imagery shows recent reclamation well; infrastructure placement on reclaimed land requires special design[53][57][52],,,3,,,TIER1_BEST_DATASETS.csv
BHR,Bahrain,Sabkha (Salt Flat) Mapping,BSDI / SLRB / 1975-76 Geological Survey,SPECIAL DATASETS FOR BAHRAIN,,Through BSDI or SLRB,,,,Essential for pipeline routing and corrosion protection design; sabkhas require specialized construction techniques; southwestern sabkha particularly extensive; gypsum-rich soils cause severe corrosion risk[32][31],,,3,,,TIER1_BEST_DATASETS.csv
BHR,Bahrain,Sentinel-2,European Space Agency (ESA) / Copernicus Programme,SATELLITE IMAGERY,,"Yes - Copernicus Open Access Hub API, Google Earth Engine, AWS S3",2015-present,,5-day revisit (2 satellites: Sentinel-2A and 2B),"Excellent free baseline imagery; 13 spectral bands; suitable for land cover mapping, vegetation analysis, change detection, and initial routing studies; multispectral capabilities useful for identifying land features; 10m resolution adequate for corridor-level planning; atmospheric correction available[52][53]",https://dataspace.copernicus.eu/,"Excellent free baseline imagery; 13 spectral bands; suitable for land cover mapping, vegetation analysis, change detection, and initial routing studies; multispectral capabilities useful for identifying land features; 10m resolution adequate for corridor-level planning; atmospheric correction available[52][53]",3,,,TIER1_BEST_DATASETS.csv
BHR,Bahrain,SLRB 3D-Enabled Geospatial Data Model,Survey and Land Registration Bureau (developed with Ordnance Survey UK),SPECIAL DATASETS FOR BAHRAIN,,Restricted - SLRB and authorized users,Current (ongoing National 3D Mapping programme),,Continuous updates,Object-based data model compliant with OGC and ISO standards,https://www.slrb.gov.bh/,Object-based data model compliant with OGC and ISO standards,3,,Internal government use,TIER1_BEST_DATASETS.csv
BHR,Bahrain,SRTM Version 4.1,NASA/USGS,ELEVATION/TERRAIN (DEM),,Open/Free,February 2000 (single acquisition),,Static (historical dataset),Moderate accuracy (±6-10m RMSE for Bahrain); widely used legacy dataset but superseded by Copernicus DEM; void-filled version available[2][3],https://earthexplorer.usgs.gov/,,3,,Yes - USGS Earth Explorer API,TIER1_BEST_DATASETS.csv
BHR,Bahrain,Survey and Land Registration Bureau (SLRB) Geological Data,SLRB / Ministry of Municipalities Affairs & Agriculture,GEOLOGY / SOIL,,Restricted - request from SLRB,Current (updated from historical surveys),,Updated through ongoing surveys,"Integrated with 1:1,000 national mapping",https://www.slrb.gov.bh/,"Integrated with 1:1,000 national mapping",3,,No,TIER1_BEST_DATASETS.csv
BHR,Bahrain,TomTom Road Network,TomTom,INFRASTRUCTURE - ROADS,,Commercial license required,Current (quarterly updates),,Quarterly,Sub-meter accuracy,https://www.tomtom.com/,Sub-meter accuracy,4,,Yes - TomTom Maps API,TIER1_BEST_DATASETS.csv
BHR,Bahrain,Tubli Bay Ramsar Wetland Monitoring,Supreme Council for Environment,SPECIAL DATASETS FOR BAHRAIN,,Environmental authority consultation required,,,,Sensitive environmental area; pipeline routing near Tubli Bay requires comprehensive environmental impact assessment; seasonal water levels and ecology documented[26],,,3,,,TIER1_BEST_DATASETS.csv
BHR,Bahrain,UNESCO World Heritage Sites - Bahrain,UNESCO World Heritage Centre / Bahrain Authority for Culture and Antiquities,SPECIAL DATASETS FOR BAHRAIN,,Publicly documented; detailed boundaries require SLRB/heritage authority,Current (protected sites),,Updated with new inscriptions and boundary modifications,Site boundaries with buffer zones,https://whc.unesco.org/,Site boundaries with buffer zones,3,,UNESCO World Heritage API (limited spatial data),TIER1_BEST_DATASETS.csv
BHR,Bahrain,USGS Bedrock Geology of the Arabian Peninsula,United States Geological Survey,GEOLOGY / SOIL,,Open/Free,Compiled from various surveys (updated 2024),,Periodic revisions,"Regional scale (1:2,000,000)",https://data.usgs.gov/datacatalog/data/USGS:60ad3d94d34e4043c850f291,"Regional scale (1:2,000,000)",3,,USGS API available,TIER1_BEST_DATASETS.csv
BHR,Bahrain,World Database on Protected Areas,"Good global coverage; 7 protected areas mapped for Bahrain; includes Najwat Bul Thamah, Hayr Bul Thamah, Al-Areen, Tubli Bay, Hawar Islands, and others; generally accurate but verify boundaries with national sources for pipeline routing; includes IUCN categories and designations (Ramsar, national parks)[29][30][28]",PROTECTED AREAS / ENVIRONMENTAL,,Open/Free,Current (monthly updates),,Monthly,Vector polygons,https://www.protectedplanet.net/country/BHR,Vector polygons,3,,Yes - Protected Planet API,TIER1_BEST_DATASETS.csv
BHR,Bahrain,WorldClim Version 2.1,WorldClim / University of California,CLIMATE / WEATHER,,Open/Free,1970-2000 baseline; future scenarios available,,Static baseline (periodic version updates),Good for climatology baseline; monthly temperature and precipitation averages; bioclimatic variables useful for environmental assessment; coarser temporal resolution than ERA5[38],https://www.worldclim.org/,Good for climatology baseline; monthly temperature and precipitation averages; bioclimatic variables useful for environmental assessment; coarser temporal resolution than ERA5[38],3,,No - direct download only,TIER1_BEST_DATASETS.csv
BHR,Bahrain,WorldPop Population Counts,WorldPop / University of Southampton / UN Population Division adjusted,POPULATION / DEMOGRAPHICS,,Open/Free (CC-BY 4.0),2000-2030 (historical and projections),,Annual releases,Additional URLs: https://www.worldpop.org/,https://hub.worldpop.org/,,3,,Via Google Earth Engine and direct download,TIER1_BEST_DATASETS.csv
CAN,Canada,Archaeological Sites,,SPECIAL DATASETS FOR CANADA,,Restricted/Requires consultation with provincial/territorial authorities,,,,Varies by jurisdiction; critical for regulatory compliance,,,3,,,TIER1_BEST_DATASETS.csv
CAN,Canada,Federal Pipeline Data,Canada Energy Regulator (formerly National Energy Board),INFRASTRUCTURE - PIPELINES,,Open/Free (interactive map); detailed data may require request,"Current, historical incident data from 2008",,Continuously updated,High accuracy for federally regulated pipelines,https://www.cer-rec.gc.ca/en/safety-environment/industry-performance/interactive-pipeline/,High accuracy for federally regulated pipelines,5,,ArcGIS REST API available,TIER1_BEST_DATASETS.csv
CAN,Canada,Copernicus DEM GLO-30,European Space Agency / Copernicus Programme,ELEVATION/TERRAIN (DEM),,Open/Free,2011-2015,,Static,30m (GLO-30 / 1 arc-second),https://dataspace.copernicus.eu/explore-data/data-collections/copernicus-contributing-missions/collections-description/COP-DEM,30m (GLO-30 / 1 arc-second),4,,Yes (Copernicus Data Space OData API; AWS/Open Data access),TIER1_BEST_DATASETS.csv
CAN,Canada,HRDEM (High Resolution DEM),Natural Resources Canada,Raster DTM/DSM (1-2m south / 5m north),,Open,2017,Present,Continuous expansion,Partial national coverage (expanding),https://open.canada.ca/data/en/dataset/957782bf-847c-4644-a757-e383c0057995,1-2m (south) / 5m (north),5,,Direct download via Open Canada (portal resources),COUNTRY_COVERAGE_LONG.csv
CAN,Canada,Indigenous Lands,Natural Resources Canada,SPECIAL DATASETS FOR CANADA,,Open/Free for most data,Current,,Regular updates,Vector boundaries at survey accuracy,https://clss.nrcan-rncan.gc.ca,Vector boundaries at survey accuracy,5,,WMS/WFS for selected datasets,TIER1_BEST_DATASETS.csv
CAN,Canada,Landslide Hazard Maps,Geological Survey of Canada,SPECIAL DATASETS FOR CANADA,,Open/Free via GSC publications,Various project timeframes,,Irregular/project-based,"Excellent where available; classifies landslide susceptibility based on surficial materials, slope, permafrost conditions; critical for northern pipeline routing[55][57]",https://open.canada.ca/data/en/dataset?keywords=landslide,Variable,5,,Download portal (varies by dataset),TIER1_BEST_DATASETS.csv
CAN,Canada,Military Zones / Restricted Areas,,SPECIAL DATASETS FOR CANADA,,Restricted/Requires formal request,,,,High accuracy for operational areas,,,3,,,TIER1_BEST_DATASETS.csv
CAN,Canada,National Geological Survey DEMs,Natural Resources Canada,ELEVATION/TERRAIN (DEM),,Open/Free,2006-present (ongoing),,Ongoing coverage expansion under National Elevation Data Strategy,"Excellent; derived from LiDAR and high-resolution satellite imagery; includes Digital Surface Model (DSM) and Digital Terrain Model (DTM); accuracy of 1-2m for satellite-derived, centimeters for LiDAR[3][1]",https://natural-resources.canada.ca/science-data/data-analysis/geospatial-data-tools-services/elevation-data,,5,,Available through Data Cube,TIER1_BEST_DATASETS.csv
CAN,Canada,National Hydrography Networks,Natural Resources Canada (GeoBase program),HYDROLOGY / WATER,,Open/Free (Open Government Licence),"Current, continuously updated",,At least annually,"1:50,000 (some at 1:10,000-1:20,000)",https://open.canada.ca/data/en/dataset/a4b190fe-e090-4e6d-881e-b87956c07977,"1:50,000 (some at 1:10,000-1:20,000)",5,,Available through WMS/WFS services,TIER1_BEST_DATASETS.csv
CAN,Canada,National Meteorological Service,Meteorological Service of Canada,CLIMATE / WEATHER,,Open/Free,"Historical (1840s-present), current, forecasts",,Real-time for current weather; historical updated regularly,Station-based and gridded products (various),https://climate-change.canada.ca/climate-data/,Station-based and gridded products (various),5,,"Yes, MSC GeoMet (WMS, WFS, OGC API)",TIER1_BEST_DATASETS.csv
CAN,Canada,National Protected Areas Database,Environment and Climate Change Canada (ECCC),PROTECTED AREAS / ENVIRONMENTAL,,Open/Free (Open Government Licence),"Current, historical boundaries",,Regular updates (contributors added in 2023-2024),Vector polygons at original survey scales,https://www.canada.ca/en/environment-climate-change/services/national-wildlife-areas/protected-conserved-areas-database.html,Vector polygons at original survey scales,5,,WMS/WFS available,TIER1_BEST_DATASETS.csv
CAN,Canada,NHN (National Hydro Network),Natural Resources Canada / GeoBase,Vector hydrography (1:50000),,Open,2004,Present,Annual,Canada (national),https://open.canada.ca/data/en/dataset/a4b190fe-e090-4e6d-881e-b87956c07977,1:50000,5,,WMS/WFS where available or download portal,COUNTRY_COVERAGE_LONG.csv
CAN,Canada,OpenInfraMap / OpenStreetMap Utilities,OpenStreetMap Community,INFRASTRUCTURE - UTILITIES,,Open/Free,,,,Fair to good; incomplete coverage; useful for reference but requires field verification[12],https://openinframap.org/,Variable,4,,"Yes, Overpass API",TIER1_BEST_DATASETS.csv
CAN,Canada,OpenStreetMap,OpenStreetMap Community,INFRASTRUCTURE - ROADS,,Open/Free (ODbL License),,,,"Variable, generally good in urban areas",https://www.openstreetmap.org,"Variable, generally good in urban areas",5,,"Yes, Overpass API",TIER1_BEST_DATASETS.csv
CAN,Canada,OpenStreetMap Pipelines,OpenStreetMap Community,INFRASTRUCTURE - PIPELINES,,Open/Free (ODbL License),Current,,Continuous,Poor; not reliable for planning purposes; use only as supplementary reference[20],https://www.openstreetmap.org,Variable,2,,"Yes, Overpass API",TIER1_BEST_DATASETS.csv
CAN,Canada,OpenStreetMap Railways,OpenStreetMap Community,INFRASTRUCTURE - RAILWAYS,,Open/Free (ODbL License),Current,,Continuous,Generally good but requires validation against official sources[16],https://www.openstreetmap.org,Variable,4,,"Yes, Overpass API",TIER1_BEST_DATASETS.csv
CAN,Canada,Permafrost Data,Natural Resources Canada / Geological Survey of Canada,SPECIAL DATASETS FOR CANADA,,Open/Free,Current and historical,,,Good; aggregates various permafrost datasets[54],https://canadianpermafrostassociation.ca,,4,,,TIER1_BEST_DATASETS.csv
CAN,Canada,Seismic Hazard Maps,Natural Resources Canada / Geological Survey of Canada,SPECIAL DATASETS FOR CANADA,,Open/Free,Current hazard assessment,,,National and regional scale maps,https://www.seismescanada.rncan.gc.ca/hazard-alea/simphaz-en.php,National and regional scale maps,5,,WMS available,TIER1_BEST_DATASETS.csv
CAN,Canada,Soil Maps,Canadian Soil Information Service (AAFC),GEOLOGY / SOIL,,Open/Free (under evaluation),"Current (trained on 10,000+ pedon locations)",,Updated as new data available,100 meters,https://sis.agr.gc.ca/cansis/nsdb/psm/index.html,100 meters,5,,Likely available,TIER1_BEST_DATASETS.csv
CAN,Canada,World Database on Protected Areas,UNEP-WCMC,PROTECTED AREAS / ENVIRONMENTAL,,Open/Free,,,,Good for international context; CPCAD is more complete for Canada specifically[24],https://www.protectedplanet.net/en/country/CAN,,4,,Yes,TIER1_BEST_DATASETS.csv
CAN,Canada,ESA WorldCover 2021,European Space Agency,LAND COVER / LAND USE,,Open/Free,2021,,Annual,10m,https://worldcover2020.esa.int,10m,5,,Yes (direct download / STAC / AWS / GEE),TIER1_BEST_DATASETS.csv
CAN,Canada,ISRIC SoilGrids v2.0,ISRIC - World Soil Information,GEOLOGY / SOIL,,Open/Free,2020,,Static,250m,https://soilgrids.org/,250m,4,,Yes (WCS),TIER1_BEST_DATASETS.csv
CAN,Canada,OpenStreetMap Power Lines,OpenStreetMap Community,INFRASTRUCTURE - UTILITIES,,Open/Free (ODbL License),Current,,Continuous,Variable completeness; useful open baseline for transmission line constraints; validate against official sources where possible,https://www.openstreetmap.org,Variable,3,,"Yes, Overpass API",TIER1_BEST_DATASETS.csv
CAN,Canada,OpenStreetMap Waterways,OpenStreetMap Community,HYDROLOGY / WATER,,Open/Free (ODbL License),Current,,Continuous,Variable completeness; use as open baseline; prefer NRCan NHN for authoritative hydrography where feasible,https://www.openstreetmap.org,Variable,3,,"Yes, Overpass API",TIER1_BEST_DATASETS.csv
CAN,Canada,Sentinel-2,European Space Agency / Copernicus Programme,SATELLITE IMAGERY (FREE),,Open/Free,2015-present,,5-day revisit,10m/20m/60m multispectral imagery suitable for corridor interpretation and validation,https://dataspace.copernicus.eu/,10m/20m/60m,5,,Yes (Copernicus Data Space API / AWS / GEE),TIER1_BEST_DATASETS.csv
CHE,Switzerland,swissALTI3D,swisstopo,Raster DTM (0.5-2m LiDAR),,Open,2008,Present,6-year cycle,Available,https://www.swisstopo.admin.ch/en/height-model-swissalti3d,,,,,COUNTRY_COVERAGE_LONG.csv
DEU,Germany,DGM1 (Digital Terrain Model),BKG (Federal Agency for Cartography and Geodesy),Raster DTM (1m),,Open/Commercial varies by state,2000,Present,Ongoing by state,Available,https://gdz.bkg.bund.de/,,,,,COUNTRY_COVERAGE_LONG.csv
DNK,Denmark,DHM/Punktsky (Danish Elevation Model),SDFI (Agency for Data Supply and Infrastructure),Raster DTM (0.4m LiDAR-derived),,Open,2006,Present,5-year cycle,Available,https://dataforsyningen.dk/,,,,,COUNTRY_COVERAGE_LONG.csv
ESP,Spain,PNOA LiDAR,IGN Spain (Instituto Geográfico Nacional),Raster DTM/DSM (2m LiDAR-derived),,Open,2008,Present,6-year cycle,Available,https://pnoa.ign.es/,,,,,COUNTRY_COVERAGE_LONG.csv
FIN,Finland,KM2 / NLS Laser Scanning,National Land Survey of Finland,Raster DTM (2m LiDAR-derived),,Open (CC BY 4.0),2008,Present,12-year cycle,Available,https://www.maanmittauslaitos.fi/en/maps-and-spatial-data/datasets-and-interfaces/product-descriptions/laser-scanning-data,,,,,COUNTRY_COVERAGE_LONG.csv
FRA,France,RGE ALTI,IGN France,Raster DTM (1m LiDAR / 5m photogrammetry),,Open (Licence Ouverte),2010,Present,6-year cycle,Available,https://geoservices.ign.fr/rgealti,,,,,COUNTRY_COVERAGE_LONG.csv
GBR,United Kingdom of Great Britain and Northern Ireland,Airbus Defence and Space,Airbus Defence and Space,SATELLITE IMAGERY (COMMERCIAL),,Commercial/Purchase,"Extensive archive, tasking available",,On-demand,"Excellent - very high resolution, good for detailed planning, competitive with Maxar[web:general knowledge]",https://www.intelligence-airbusds.com,"Excellent - very high resolution, good for detailed planning, competitive with Maxar[web:general knowledge]",3,,"Yes, OneAtlas API",TIER1_BEST_DATASETS.csv
GBR,United Kingdom of Great Britain and Northern Ireland,BEIS/Ofgem Pipeline Data,"Department for Business, Energy and Industrial Strategy / Ofgem",INFRASTRUCTURE - PIPELINES,,"Varies - some open data, some restricted",Current,,Periodic updates,Various (primarily offshore major pipelines),https://www.ofgem.gov.uk/news-and-insight/data/data-portal,Various (primarily offshore major pipelines),4,,Limited via Ofgem data portal,TIER1_BEST_DATASETS.csv
GBR,United Kingdom of Great Britain and Northern Ireland,BGS GeoClimate UKCP18,British Geological Survey / Met Office,SPECIAL DATASETS FOR UNITED KINGDOM,,Open (2km) / Licensed (50K),Future climate projections to 2100,,Periodic updates aligned with UKCP releases,"Quasi-1:50,000 (Premium), 2km gridded (Open)",https://www.bgs.ac.uk/geological-data/datasets/,"Quasi-1:50,000 (Premium), 2km gridded (Open)",4,,No,TIER1_BEST_DATASETS.csv
GBR,United Kingdom of Great Britain and Northern Ireland,BGS Geology 50K,British Geological Survey,GEOLOGY / SOIL,,"Free for 1:625K, Licensed for 1:50K detail",Current (covers most of Great Britain),,Ongoing mapping program,"1:50,000",https://www.bgs.ac.uk/geological-data/datasets/,"1:50,000",5,,"Yes, WMS/WFS services",TIER1_BEST_DATASETS.csv
GBR,United Kingdom of Great Britain and Northern Ireland,BGS GeoSure,British Geological Survey,GEOLOGY / SOIL,,Licensed (free hex grid version available),Current,,Periodic updates,"1:50,000 (5km hex grid free version)",https://www.bgs.ac.uk/geological-data/datasets/,"1:50,000 (5km hex grid free version)",5,,Limited,TIER1_BEST_DATASETS.csv
GBR,United Kingdom of Great Britain and Northern Ireland,BGS National Landslide Database,British Geological Survey,SPECIAL DATASETS FOR UNITED KINGDOM,,Free/Licensed (different access levels),Historical and current records,,Ongoing updates,Point and polygon features,https://www.bgs.ac.uk/geological-data/datasets/,Point and polygon features,5,,Limited,TIER1_BEST_DATASETS.csv
GBR,United Kingdom of Great Britain and Northern Ireland,BGS Radon Potential Data,British Geological Survey / Public Health England,SPECIAL DATASETS FOR UNITED KINGDOM,,Licensed (free indicative atlas available),Current,,Periodic updates,"1:50,000 (1km hex grid free version)",https://www.bgs.ac.uk/geological-data/datasets/,"1:50,000 (1km hex grid free version)",4,,No,TIER1_BEST_DATASETS.csv
GBR,United Kingdom of Great Britain and Northern Ireland,Coal Authority Mining Data,The Coal Authority,SPECIAL DATASETS FOR UNITED KINGDOM,,Commercial searches required for detailed data,Historical and current mining records,,Ongoing updates,"1:50,000 and site-specific",https://www.gov.uk/get-mining-reports,"1:50,000 and site-specific",3,,No,TIER1_BEST_DATASETS.csv
GBR,United Kingdom of Great Britain and Northern Ireland,Copernicus DEM GLO-30,European Space Agency (Copernicus Programme),ELEVATION/TERRAIN (DEM),,Open/Free,Based on data acquired 2011-2015,,Static (2019 and 2020 releases),30m (GLO-30 / 1 arc-second),https://dataspace.copernicus.eu/,30m (GLO-30 / 1 arc-second),3,,"Yes, via Sentinel Hub and AWS",TIER1_BEST_DATASETS.csv
GBR,United Kingdom of Great Britain and Northern Ireland,Cranfield NSRI Soilscapes,"National Soil Resources Institute, Cranfield University",GEOLOGY / SOIL,,"Free WMS service, licensed for data downloads",Current,,Periodic updates,"1:250,000 simplified, detailed mapping at 1:25,000 to 1:250,000",https://www.ukso.org,"1:250,000 simplified, detailed mapping at 1:25,000 to 1:250,000",5,,"Yes, WMS available",TIER1_BEST_DATASETS.csv
GBR,United Kingdom of Great Britain and Northern Ireland,Data Quality: UK has exceptionally high-quality national mapping infrastructure through Ordnance S,//ckan.publishing.service.gov.uk/dataset/major-road-network/resource/175d99b3-c9ea-40ef-9168-6875398330da?inner_span=True),SPECIAL DATASETS FOR UNITED KINGDOM,,,,,,,,,3,,,TIER1_BEST_DATASETS.csv
GBR,United Kingdom of Great Britain and Northern Ireland,Department for Transport Major Road Network,Department for Transport,INFRASTRUCTURE - ROADS,,Open/Free (UK Open Government Licence),2018 baseline,,Periodic updates,Vector (based on OS Open Roads),https://www.data.gov.uk/dataset/95f58bfa-13d6-4657-9d6f-020589498cfd/major-road-network,Vector (based on OS Open Roads),4,,No,TIER1_BEST_DATASETS.csv
GBR,United Kingdom of Great Britain and Northern Ireland,Environment Agency Hydrological Open Data,Environment Agency (England),HYDROLOGY / WATER,,Open/Free,Historical and real-time data,,Real-time for current data,"Station-based (7,000+ stations)",https://www.data.gov.uk/dataset/98a4d46e-23e4-4430-883c-9e5f14645e8f/hydrological-open-data,"Station-based (7,000+ stations)",5,,"Yes, via Water Data Explorer",TIER1_BEST_DATASETS.csv
GBR,United Kingdom,Environment Agency LiDAR,Environment Agency,Raster DTM/DSM (0.25-2m),,Open (OGL),2006,Present,Continuous,Available (England),https://environment.data.gov.uk/,,,,,COUNTRY_COVERAGE_LONG.csv
GBR,United Kingdom of Great Britain and Northern Ireland,ERA5 Reanalysis,ECMWF/Copernicus Climate Change Service,CLIMATE / WEATHER,,Open/Free,1940-present,,Monthly updates (2-3 month lag),"~30km horizontal, hourly temporal",https://cds.climate.copernicus.eu,"~30km horizontal, hourly temporal",5,,"Yes, via Copernicus Climate Data Store API",TIER1_BEST_DATASETS.csv
GBR,United Kingdom of Great Britain and Northern Ireland,ESA WorldCover 2020/2021,European Space Agency,LAND COVER / LAND USE,,Open/Free,2020 and 2021 baseline products,,Annual updates planned,10m resolution,https://worldcover2020.esa.int,10m resolution,5,,"Yes, via Copernicus Data Space",TIER1_BEST_DATASETS.csv
GBR,United Kingdom of Great Britain and Northern Ireland,ESRI 2020 Global LULC from Sentinel-2,ESRI (using Sentinel-2 data),LAND COVER / LAND USE,,Open/Free,2020,,Periodic updates,10m resolution,https://livingatlas.arcgis.com/landcoverexplorer/,10m resolution,4,,"Yes, via ArcGIS Living Atlas",TIER1_BEST_DATASETS.csv
GBR,United Kingdom of Great Britain and Northern Ireland,FAO Harmonized World Soil Database,"Fair for UK - global product, less detailed than national sources, use Cranfield data preferentially[web:general knowledge]",GEOLOGY / SOIL,,Open/Free,Current (based on legacy surveys),,Static (v1.2),1km resolution,https://www.fao.org/soils-portal/,1km resolution,3,,No,TIER1_BEST_DATASETS.csv
GBR,United Kingdom of Great Britain and Northern Ireland,GADM UK,GADM (Global Administrative Areas),ADMINISTRATIVE BOUNDARIES,,Open/Free (academic and non-commercial use),Current (version updates periodic),,Periodic version releases,"Vector, multiple administrative levels",https://gadm.org,"Vector, multiple administrative levels",4,,"No, download only",TIER1_BEST_DATASETS.csv
GBR,United Kingdom of Great Britain and Northern Ireland,Global Surface Water Explorer,European Commission Joint Research Centre,HYDROLOGY / WATER,,Open/Free,1984-present,,Annual updates,30m resolution,https://global-surface-water.appspot.com,30m resolution,4,,"Yes, via Google Earth Engine",TIER1_BEST_DATASETS.csv
GBR,United Kingdom of Great Britain and Northern Ireland,Historic England Archaeological Data,Historic England,SPECIAL DATASETS FOR UNITED KINGDOM,,Open/Free for GIS shapefiles,Current (continuously updated heritage records),,Continuous updates to National Heritage List,"Vector (point, line, polygon)",https://historicengland.org.uk/listing/the-list/data-downloads/,"Vector (point, line, polygon)",5,,"Yes, ArcGIS REST services",TIER1_BEST_DATASETS.csv
GBR,United Kingdom of Great Britain and Northern Ireland,JNCC UK Protected Area Datasets,Joint Nature Conservation Committee,PROTECTED AREAS / ENVIRONMENTAL,,Open/Free,Current,,Regular updates,Vector (various),https://jncc.gov.uk/our-work/uk-protected-area-datasets-for-download/,Vector (various),5,,Limited,TIER1_BEST_DATASETS.csv
GBR,United Kingdom of Great Britain and Northern Ireland,LandScan Global,"Good - ambient population model (24-hour average), lower resolution than WorldPop for UK, use as supplementary source[web:general knowledge]",POPULATION / DEMOGRAPHICS,,Restricted/Requires registration,Annual global datasets,,Annual,~1km resolution,https://landscan.ornl.gov,,4,,No,TIER1_BEST_DATASETS.csv
GBR,United Kingdom of Great Britain and Northern Ireland,Maxar,Maxar Technologies,SATELLITE IMAGERY (COMMERCIAL),,Commercial/Purchase,"Extensive archive, on-demand tasking",,"On-demand tasking, archive varies","Excellent - highest resolution commercial imagery, sub-meter accuracy, ideal for detailed corridor surveys[web:general knowledge]",https://www.maxar.com,"Excellent - highest resolution commercial imagery, sub-meter accuracy, ideal for detailed corridor surveys[web:general knowledge]",3,,"Yes, Maxar SecureWatch API",TIER1_BEST_DATASETS.csv
GBR,United Kingdom of Great Britain and Northern Ireland,Met Office DataPoint API,UK Met Office,CLIMATE / WEATHER,,Free registration required for API key,"Historical, current observations, forecasts",,Real-time for observations/forecasts,Site-specific and gridded forecasts,https://www.metoffice.gov.uk/services/data/datapoint,Site-specific and gridded forecasts,5,,"Yes, comprehensive REST API",TIER1_BEST_DATASETS.csv
GBR,United Kingdom of Great Britain and Northern Ireland,Met Office Weather DataHub,UK Met Office,CLIMATE / WEATHER,,Subscription-based (various tiers),Current and forecast data,,Model runs multiple times daily,"UK 2km deterministic model, Global 10km model",https://www.metoffice.gov.uk/services/data/met-office-weather-datahub,"UK 2km deterministic model, Global 10km model",5,,"Yes, comprehensive API for GRIB2 data, GeoJSON site-specific data",TIER1_BEST_DATASETS.csv
GBR,United Kingdom of Great Britain and Northern Ireland,Ministry of Defence Danger Areas / Military Zones,"Official source required for areas near military installations, essential for routing constraints[web:general knowledge]",SPECIAL DATASETS FOR UNITED KINGDOM,,Restricted - contact MOD for specific projects,Current,,As military estates change,Vector polygons,,Vector polygons,3,,No,TIER1_BEST_DATASETS.csv
GBR,United Kingdom of Great Britain and Northern Ireland,National Grid (NESO) GIS Boundaries for Grid Supply Points,National Energy System Operator (formerly National Grid ESO),"INFRASTRUCTURE - UTILITIES (Power, Telecom)",,Open/Free (acknowledgment required),Current (multiple versions maintained),,Regular updates as network changes,Polygon boundaries for Grid Supply Points,https://www.neso.energy/data-portal/gis-boundaries-gb-grid-supply-points,Polygon boundaries for Grid Supply Points,4,,"Yes, via NESO Data Portal",TIER1_BEST_DATASETS.csv
GBR,United Kingdom of Great Britain and Northern Ireland,National Grid Transmission Network Shapefiles,National Grid,"INFRASTRUCTURE - UTILITIES (Power, Telecom)",,"Restricted - for emergency and land use planning only, not commercial use",Current (updated September 2025),,Periodic updates,Vector (approximate location),https://www.nationalgrid.com/electricity-transmission/network-and-infrastructure/network-route-maps,Vector (approximate location),4,,No,TIER1_BEST_DATASETS.csv
GBR,United Kingdom of Great Britain and Northern Ireland,National LiDAR Programme,Environment Agency,ELEVATION/TERRAIN (DEM),,Open/Free,"1998-2019 (ongoing updates), ~99% coverage of England",,"Ongoing surveys, composite updated periodically",Qualifier: England,https://www.data.gov.uk/dataset/f0db0249-f17b-4036-9e65-309148c97ce4/national-lidar-programme,,3,,"No dedicated API, download via data.gov.uk",TIER1_BEST_DATASETS.csv
GBR,United Kingdom of Great Britain and Northern Ireland,Natural England Protected Areas,"Excellent - authoritative source for England's protected areas including SSSIs, SPAs, SACs, NNRs[40][41][42]",PROTECTED AREAS / ENVIRONMENTAL,,Open/Free,Current,,Regular updates as designations change,Polygon vector data,https://naturalengland-defra.opendata.arcgis.com,Polygon vector data,5,,"Yes, via ArcGIS REST services",TIER1_BEST_DATASETS.csv
GBR,United Kingdom of Great Britain and Northern Ireland,Network Rail Geospatial Data,Network Rail,INFRASTRUCTURE - RAILWAYS,,Restricted/Requires request (Open Government Licence for approved uses),Current,,Periodic updates,"Vector, track-level detail (Infrastructure Network Model)",https://www.networkrail.co.uk/who-we-are/transparency-and-ethics/transparency/open-data-feeds/,"Vector, track-level detail (Infrastructure Network Model)",5,,"Limited, various operational data feeds",TIER1_BEST_DATASETS.csv
GBR,United Kingdom of Great Britain and Northern Ireland,NSTA Interactive Energy Map,North Sea Transition Authority,INFRASTRUCTURE - PIPELINES,,Open/Free,Current,,Regular updates,Interactive spatial mapping,https://www.nstauthority.co.uk/the-move-to-net-zero/interactive-energy-map-for-the-ukcs/,Interactive spatial mapping,4,,Limited,TIER1_BEST_DATASETS.csv
GBR,United Kingdom of Great Britain and Northern Ireland,Oil and Gas Authority (NSTA) Onshore GIS Data,North Sea Transition Authority (formerly OGA),INFRASTRUCTURE - PIPELINES,,Open/Free for onshore data,Current,,Weekly updates,Vector (British National Grid),https://www.gov.uk/guidance/oil-and-gas-onshore-maps-and-gis-shapefiles,Vector (British National Grid),4,,"Yes, WFS (Web Feature Service)",TIER1_BEST_DATASETS.csv
GBR,United Kingdom of Great Britain and Northern Ireland,ONS Census Data,Office for National Statistics,POPULATION / DEMOGRAPHICS,,Open/Free,"Decennial census (2021 most recent), mid-year estimates annual",,"Census every 10 years, mid-year estimates annually","Excellent - most authoritative UK population data, detailed demographic breakdowns, essential for route planning near settlements[55][56][57]",https://www.ons.gov.uk/peoplepopulationandcommunity/populationandmigration/populationestimates,,5,,"Yes, Nomis API and various statistical APIs",TIER1_BEST_DATASETS.csv
GBR,United Kingdom of Great Britain and Northern Ireland,ONS Open Geography Portal,"Excellent - definitive source for UK administrative boundaries, includes all hierarchical levels from output areas to countries[54]",ADMINISTRATIVE BOUNDARIES,,Open/Free (Open Government Licence),Current (updated annually or as boundaries change),,"Annual updates, more frequent for electoral changes","Vector, full resolution and generalized versions",https://geoportal.statistics.gov.uk,"Vector, full resolution and generalized versions",5,,"Yes, ArcGIS REST services and WFS",TIER1_BEST_DATASETS.csv
GBR,United Kingdom of Great Britain and Northern Ireland,OpenInfraMap / OpenStreetMap Utilities,"Fair to good - incomplete coverage, particularly for underground utilities, best used as supplementary data source[web:general knowledge]","INFRASTRUCTURE - UTILITIES (Power, Telecom)",,Open/Free,Current,,Community-driven updates,"Vector, variable detail",https://openinframap.org,"Vector, variable detail",4,,"Yes, Overpass API",TIER1_BEST_DATASETS.csv
GBR,United Kingdom of Great Britain and Northern Ireland,OpenStreetMap Pipelines UK,OpenStreetMap community,INFRASTRUCTURE - PIPELINES,,Open/Free,Current,,Community updates,Vector,https://www.openstreetmap.org,Vector,2,,"Yes, Overpass API",TIER1_BEST_DATASETS.csv
GBR,United Kingdom of Great Britain and Northern Ireland,OpenStreetMap Railways UK,"Good - reasonable coverage of main lines, may lack operational details compared to official sources[29][30]",INFRASTRUCTURE - RAILWAYS,,Open/Free,Current,,Community-driven real-time updates,Vector,https://www.openstreetmap.org,Vector,4,,"Yes, Overpass API",TIER1_BEST_DATASETS.csv
GBR,United Kingdom of Great Britain and Northern Ireland,OpenStreetMap UK,OpenStreetMap community,INFRASTRUCTURE - ROADS,,Open/Free (ODbL license),Current (continuously updated),,Real-time community updates,"Vector, variable detail",https://www.openstreetmap.org,"Vector, variable detail",5,,"Yes, Overpass API",TIER1_BEST_DATASETS.csv
GBR,United Kingdom of Great Britain and Northern Ireland,OS NGD Transport Network - Railway Components,Ordnance Survey,INFRASTRUCTURE - RAILWAYS,,Licensed (free for public sector),Current,,Monthly,"Vector, Railway Link, Railway Node features",https://docs.os.uk/osngd/data-structure/transport/transport-network,"Vector, Railway Link, Railway Node features",5,,"Yes, OS NGD API",TIER1_BEST_DATASETS.csv
GBR,United Kingdom of Great Britain and Northern Ireland,OS NGD Transport Network Collection,Ordnance Survey,INFRASTRUCTURE - ROADS,,Licensed (free for public sector via PSGA),Current,,Monthly updates,"Vector, topologically structured",https://docs.os.uk/osngd/data-structure/transport/transport-network,"Vector, topologically structured",5,,"Yes, OS NGD API - Features and Tiles",TIER1_BEST_DATASETS.csv
GBR,United Kingdom,OS Open Rivers,Ordnance Survey,Vector hydrography,,Open (OGL),2015,Present,Quarterly,Available,https://www.ordnancesurvey.co.uk/products/os-open-rivers,,,,,COUNTRY_COVERAGE_LONG.csv
GBR,United Kingdom of Great Britain and Northern Ireland,OS Open Roads,Ordnance Survey,INFRASTRUCTURE - ROADS,,Open/Free,Current,,Regular updates (approximately monthly),"Vector, high-level road network",https://osdatahub.os.uk/downloads/open/OpenRoads,"Vector, high-level road network",4,,"Yes, via OS Data Hub APIs",TIER1_BEST_DATASETS.csv
GBR,United Kingdom of Great Britain and Northern Ireland,OS Terrain 5,"Very high quality, national coverage of Great Britain, derived from multiple sources including LiDAR and photogrammetry[4]",ELEVATION/TERRAIN (DEM),,Commercial/Licensed (part of OS premium products),Current (regularly updated),,Regular updates,5m grid spacing,https://www.ordnancesurvey.co.uk/products/os-terrain-5,,4,,"Yes, via OS Data Hub APIs",TIER1_BEST_DATASETS.csv
GBR,United Kingdom of Great Britain and Northern Ireland,OS Terrain 50,Ordnance Survey,ELEVATION/TERRAIN (DEM),,Open/Free (part of OS OpenData),Current,,Periodic updates,"Good for national-scale analysis, less suitable for detailed routing, complete Great Britain coverage[5][6]",https://osdatahub.os.uk/downloads/open,,4,,"Yes, via OS Data Hub",TIER1_BEST_DATASETS.csv
GBR,United Kingdom of Great Britain and Northern Ireland,Planet Labs,Planet Labs,SATELLITE IMAGERY (COMMERCIAL),,Commercial/Subscription,Daily global coverage (PlanetScope),,Daily,"Very good - daily coverage unique for temporal analysis, moderate resolution suitable for monitoring and change detection[web:general knowledge]",https://www.planet.com,"Very good - daily coverage unique for temporal analysis, moderate resolution suitable for monitoring and change detection[web:general knowledge]",3,,"Yes, Planet API",TIER1_BEST_DATASETS.csv
GBR,United Kingdom of Great Britain and Northern Ireland,Sentinel-2,European Space Agency (Copernicus Programme),SATELLITE IMAGERY (COMMERCIAL),,Open/Free,2015-present,,5-day revisit globally (2-3 days effective with both satellites),"Excellent - free high-resolution multispectral imagery, ideal for vegetation/land cover analysis, cloud cover can limit UK availability[59][60]",https://dataspace.copernicus.eu,"Excellent - free high-resolution multispectral imagery, ideal for vegetation/land cover analysis, cloud cover can limit UK availability[59][60]",3,,"Yes, via Copernicus Data Space Ecosystem API",TIER1_BEST_DATASETS.csv
GBR,United Kingdom of Great Britain and Northern Ireland,UK Seismic Hazard,British Geological Survey,SPECIAL DATASETS FOR UNITED KINGDOM,,Free/Licensed depending on dataset,Historical seismic records and hazard models,,Periodic updates,"National coverage, varies by dataset",https://www.bgs.ac.uk,"National coverage, varies by dataset",4,,Limited,TIER1_BEST_DATASETS.csv
GBR,United Kingdom of Great Britain and Northern Ireland,UKCEH Land Cover Maps (LCM2021),UK Centre for Ecology & Hydrology (UKCEH),LAND COVER / LAND USE,,Licensed/Commercial (various pricing tiers),"Annual maps from 1990, 2007, 2015, 2017-2021",,Annual since 2017,"25m raster, 0.5ha minimum mappable unit for vector",https://www.ceh.ac.uk/data/ukceh-land-cover-maps,"25m raster, 0.5ha minimum mappable unit for vector",5,,"Yes, WMS services available",TIER1_BEST_DATASETS.csv
GBR,United Kingdom of Great Britain and Northern Ireland,WFD Surface Water Bodies,Environment Agency,HYDROLOGY / WATER,,Open/Free,Current (updated for WFD reporting cycles),,Periodic (aligned with WFD cycles),"Polygon-based, water body level",https://www.data.gov.uk,"Polygon-based, water body level",4,,No dedicated API,TIER1_BEST_DATASETS.csv
GBR,United Kingdom of Great Britain and Northern Ireland,World Database on Protected Areas (WDPA) - UK Coverage,"Very good - global standard but UK national sources (Natural England, JNCC) are more detailed and up-to-date[44]",PROTECTED AREAS / ENVIRONMENTAL,,Open/Free,Current (monthly updates globally),,Monthly,Polygon and point data,https://www.protectedplanet.net/en/thematic-areas/wdpa,Polygon and point data,4,,"Yes, via Protected Planet",TIER1_BEST_DATASETS.csv
GBR,United Kingdom of Great Britain and Northern Ireland,WorldClim,WorldClim project,CLIMATE / WEATHER,,Open/Free,Historical climate averages (1970-2000 baseline),,Periodic major releases,30 arc-seconds (~1km) to 10 arc-minutes,https://www.worldclim.org,30 arc-seconds (~1km) to 10 arc-minutes,4,,"No, download only",TIER1_BEST_DATASETS.csv
GBR,United Kingdom of Great Britain and Northern Ireland,WorldPop UK,"WorldPop, University of Southampton",POPULATION / DEMOGRAPHICS,,Open/Free,"Annual estimates, historical time series",,Annual,"Very good - high resolution gridded population useful for spatial analysis, complements census data with continuous surface[58]",https://www.worldpop.org,,3,,Limited,TIER1_BEST_DATASETS.csv
IRQ,Iraq,ACLED,ACLED,SPECIAL DATASETS FOR IRAQ,,Free (registration required) / Commercial for bulk access,1997-present (updated weekly),,Weekly,Event locations,https://acleddata.com/,Event locations,3,,Yes - ACLED API,TIER1_BEST_DATASETS.csv
IRQ,Iraq,"Airbus Defence and Space (Pléiades Neo, Pléiades 1A/1B, SPOT)",,SATELLITE IMAGERY (COMMERCIAL),,Commercial/Purchase,Archive + new acquisitions,,On-demand tasking,"30cm (Pléiades Neo), 50cm (Pléiades), 1.5m (SPOT)",https://www.airbus.com/en/products-services/space/earth-observation,"30cm (Pléiades Neo), 50cm (Pléiades), 1.5m (SPOT)",5,,Yes - OneAtlas API,TIER1_BEST_DATASETS.csv
IRQ,Iraq,ALOS World 3D (AW3D30),,ELEVATION/TERRAIN (DEM),,Free/Open (registration required),2006-2011,,Static,"Good accuracy, better than ASTER but slightly inferior to Copernicus DEM for Middle East[3][7]",https://www.eorc.jaxa.jp/ALOS/en/aw3d30/,,4,,No,TIER1_BEST_DATASETS.csv
IRQ,Iraq,ASTER GDEM v3,,ELEVATION/TERRAIN (DEM),,Free/Open,2000-2013,,Static (v3 released 2019),"Lowest accuracy among major DEMs for Iraq (RMSE ~6.8m), contains artifacts in flat areas[7][3]",https://earthexplorer.usgs.gov,,2,,Yes - via EarthData API,TIER1_BEST_DATASETS.csv
IRQ,Iraq,Directorate General of Geological Surveys and Mineral Investigation,Iraqi government,GEOLOGY / SOIL,,Most authoritative for Iraq. Small-scale geological mapping exists but digital access limited. Paper maps being digitized[9][25][8],Historical,,Irregular,"1:1,000,000 scale geological map",,"1:1,000,000 scale geological map",3,,No,TIER1_BEST_DATASETS.csv
IRQ,Iraq,ERA5 Reanalysis,European Centre for Medium-Range Weather Forecasts / Copernicus Climate Change Service,CLIMATE / WEATHER,,Free/Open,1940-present (hourly data),,Daily (5-day delay),0.25° x 0.25° (~31km),,0.25° x 0.25° (~31km),3,,Yes - CDS API,TIER1_BEST_DATASETS.csv
IRQ,Iraq,ESA WorldCover 10m,,LAND COVER / LAND USE,,Free/Open,"2020, 2021 (annual updates)",,Annual,10m,https://viewer.esa-worldcover.org/,10m,5,,Yes - via Copernicus API,TIER1_BEST_DATASETS.csv
IRQ,Iraq,FAO Harmonized World Soil Database (HWSD) v2.0,"FAO, IIASA, ISRIC",GEOLOGY / SOIL,,Free/Open,Composite (various dates),,Major updates (v2.0 released 2023),30 arc-seconds (~1km),https://www.fao.org/soils-portal/data-hub/,30 arc-seconds (~1km),3,,Yes - available through Google Earth Engine,TIER1_BEST_DATASETS.csv
IRQ,Iraq,FAO-UNESCO Soil Map of the World,,GEOLOGY / SOIL,,Free/Open,1961-1981,,Static (historical),Historical baseline but coarse resolution. Iraq included in South Asia volume[31][32],https://www.fao.org/soils-portal/data-hub/soil-maps-and-databases/faounesco-soil-map-of-the-world/en/,Historical baseline but coarse resolution. Iraq included in South Asia volume[31][32],3,,No,TIER1_BEST_DATASETS.csv
IRQ,Iraq,GADM,GADM project,ADMINISTRATIVE BOUNDARIES,,Free/Open (non-commercial),Version 4.1 (updated 2022),,Irregular updates,Levels 0-3,https://gadm.org/,Levels 0-3,4,,No (direct download),TIER1_BEST_DATASETS.csv
IRQ,Iraq,Global Oil Infrastructure Tracker,Global Energy Monitor,INFRASTRUCTURE - PIPELINES,,Free/Open (registration may be required),Current,,Quarterly,Line features for pipelines,https://globalenergymonitor.org/projects/global-oil-infrastructure-tracker/,Line features for pipelines,3,,No,TIER1_BEST_DATASETS.csv
IRQ,Iraq,Google Dynamic World,,LAND COVER / LAND USE,,Free/Open,2015-present,,Near real-time (every 2-5 days),10m (Sentinel-2 based),https://www.dynamicworld.app/,10m (Sentinel-2 based),3,,Yes - Google Earth Engine,TIER1_BEST_DATASETS.csv
IRQ,Iraq,HERE Technologies,,INFRASTRUCTURE - ROADS,,Commercial/Purchase,Current,,Quarterly,Sub-meter to 5m accuracy,https://www.here.com/,Sub-meter to 5m accuracy,3,,Yes - HERE Location Services API,TIER1_BEST_DATASETS.csv
IRQ,Iraq,Iraq Central Statistics Office Census Data,Iraq Central Statistics Office,POPULATION / DEMOGRAPHICS,,Most authoritative but spatial data access limited. Latest census data from 2018 MICS (Multiple Indicator Cluster Survey)[41][43],,,,Contact COSIT directly,,,3,,,TIER1_BEST_DATASETS.csv
IRQ,Iraq,Iraq Common Operational Dataset - Administrative Boundaries,Iraq Central Statistics Office / OCHA / HDX,ADMINISTRATIVE BOUNDARIES,,Free/Open,Current (reviewed December 2024),,Annual review,"Levels 0-3 (Country, Governorate, District, Sub-district)",https://data.humdata.org/dataset/cod-ab-irq,"Levels 0-3 (Country, Governorate, District, Sub-district)",5,,Yes - ArcGIS REST Services (geoservices),TIER1_BEST_DATASETS.csv
IRQ,Iraq,Iraq Geological Hazards Classification Map,Iraqi geoscientists (Sissakian et al. 2011),SPECIAL DATASETS FOR IRAQ,,Academic literature,2011,,,"Comprehensive hazard classification including landslides, sinkholes, subsidence, earthquakes, flooding. Maps zones by time and intensity[61]",,,3,,,TIER1_BEST_DATASETS.csv
IRQ,Iraq,Iraq Key Biodiversity Areas,Nature Iraq (2017 report),PROTECTED AREAS / ENVIRONMENTAL,,Report-based/Request from Nature Iraq,2017,,Static,Site-specific polygons,,Site-specific polygons,3,,No,TIER1_BEST_DATASETS.csv
IRQ,Iraq,Iraq Meteorological Organization and Seismology,Iraqi government,CLIMATE / WEATHER,,National meteorological service operates weather stations across Iraq. Historical and real-time data available but access requires official request. Most authoritative for ground station data[38][40],,,,Qualifier: IMOS,,,3,,No,TIER1_BEST_DATASETS.csv
IRQ,Iraq,Iraq Ministry of Electricity Data,,"INFRASTRUCTURE - UTILITIES (Power, Telecom)",,Official transmission network data exists but restricted access,,,,,,,3,,,TIER1_BEST_DATASETS.csv
IRQ,Iraq,Iraq Ministry of Environment / State Board of Antiquities and Heritage,,PROTECTED AREAS / ENVIRONMENTAL,,Restricted/Request,,,,"Iraq government notes 5 sites formally designated, 18 in ratification process. Direct contact required for official boundaries[21]",,,3,,,TIER1_BEST_DATASETS.csv
IRQ,Iraq,Iraq Ministry of Transport Road Network,Ministry of Transport / Mayoralty of Baghdad (for Baghdad),INFRASTRUCTURE - ROADS,,Most accurate for Iraq but not openly accessible[15],,,,,,,3,,No,TIER1_BEST_DATASETS.csv
IRQ,Iraq,Iraq Ministry of Water Resources Database,Ministry of Water Resources of Republic of Iraq,HYDROLOGY / WATER,,"Most authoritative for Iraq but access severely limited. Contains hydrological, climatic, water quality data[11][12][13]",Historical to current,,,Variable,,Variable,3,,No,TIER1_BEST_DATASETS.csv
IRQ,Iraq,Iraq National Oil Companies,"South Oil Company, North Oil Company, and Kurdistan Regional Government Ministry of Natural Resources maintain detailed GIS databases but these are confidential for security and commercial reasons[1][2]",INFRASTRUCTURE - PIPELINES,,Highly restricted/Not publicly available,,,,"Qualifier: SOC, NOC, KRG Ministry",,,3,,,TIER1_BEST_DATASETS.csv
IRQ,Iraq,Iraq National Railway Authority Database,,INFRASTRUCTURE - RAILWAYS,,Official data exists but not accessible to public[14],,,,,,,3,,,TIER1_BEST_DATASETS.csv
IRQ,Iraq,JRC Soil Resources - Mediterranean Countries,European Commission Joint Research Centre,GEOLOGY / SOIL,,Free/Open,2013,,Static,Variable,https://publications.jrc.ec.europa.eu/,Variable,3,,No,TIER1_BEST_DATASETS.csv
IRQ,Iraq,Kurdistan Region Land Cover Map 2024,Kurdistan Region Statistics Office (KRSO) with World Food Programme support,LAND COVER / LAND USE,,Restricted/Request (government agency),2023-2024,,Annual (planned),"Based on Sentinel-2 (10m), produced at higher resolution using machine learning",,"Based on Sentinel-2 (10m), produced at higher resolution using machine learning",3,,No,TIER1_BEST_DATASETS.csv
IRQ,Iraq,LandScan,Oak Ridge National Laboratory (ORNL),POPULATION / DEMOGRAPHICS,,Free for research (registration required),Annual (2000-present),,Annual,Ambient population (24-hour average). Different methodology than WorldPop. Good for infrastructure planning. Iraq coverage available[51],https://landscan.ornl.gov/,,4,,No,TIER1_BEST_DATASETS.csv
IRQ,Iraq,"Maxar (WorldView-3, WorldView-2, GeoEye-1)",https://resources.maxar.com/ and https://www.maxar.com/,SATELLITE IMAGERY (COMMERCIAL),,Commercial/Purchase,Archive from 2000s + new acquisitions,,On-demand tasking,Highest commercial resolution. Excellent for detailed infrastructure mapping. Iraq fully accessible. Maxar Open Data Program provides free imagery for disasters[52][53][54],,Highest commercial resolution. Excellent for detailed infrastructure mapping. Iraq fully accessible. Maxar Open Data Program provides free imagery for disasters[52][53][54],3,,Yes - Maxar Geospatial Platform API,TIER1_BEST_DATASETS.csv
IRQ,Iraq,Military Zones / Restricted Areas,,SPECIAL DATASETS FOR IRAQ,,Not publicly available,,,,Official military zone boundaries not published for security reasons. Local consultation required,,,3,,,TIER1_BEST_DATASETS.csv
IRQ,Iraq,NASA SRTM (30m and 90m),,ELEVATION/TERRAIN (DEM),,Free/Open,February 2000,,Static,Vertical accuracy ±8-10m for Iraq region. Widely used baseline but inferior to Copernicus DEM[6][3],https://earthexplorer.usgs.gov,,3,,Yes - USGS Earth Explorer API,TIER1_BEST_DATASETS.csv
IRQ,Iraq,OGIM Database,Iraq has very limited data in OGIM (data quality score <0.3). Mostly non-government sources. Incomplete coverage. Better than nothing but significant gaps[2][1],INFRASTRUCTURE - PIPELINES,,Free/Open,Compiled through 2022,,Irregular updates,Point and line features,https://doi.org/10.5281/zenodo.7466757,Point and line features,3,,No,TIER1_BEST_DATASETS.csv
IRQ,Iraq,OneGeology - Iraq,OneGeology portal,GEOLOGY / SOIL,,Provides access to Iraqi geological data through international portal but coverage is limited[25],Various,,Static,"1:1,000,000",http://www.onegeology.org/,"1:1,000,000",3,,Yes - WMS/WFS services,TIER1_BEST_DATASETS.csv
IRQ,Iraq,OpenInfraMap / OpenStreetMap Utilities,OpenStreetMap,"INFRASTRUCTURE - UTILITIES (Power, Telecom)",,Free/Open,Current,,Continuous,Variable,https://openinframap.org/,Variable,3,,Yes - Overpass API,TIER1_BEST_DATASETS.csv
IRQ,Iraq,OpenStreetMap Iraq Roads,Real-time (crowdsourced),INFRASTRUCTURE - ROADS,,Free/Open,Current (continuously updated),,,"Variable, typically 1-5m accuracy",https://data.humdata.org/dataset/hotosm_irq_roads,"Variable, typically 1-5m accuracy",3,,Yes - Overpass API,TIER1_BEST_DATASETS.csv
IRQ,Iraq,OpenStreetMap Pipelines,OpenStreetMap,INFRASTRUCTURE - PIPELINES,,Free/Open,Current,,Continuous,Variable,https://www.openstreetmap.org/,Variable,3,,Yes - Overpass API,TIER1_BEST_DATASETS.csv
IRQ,Iraq,OpenStreetMap Railways Iraq,OpenStreetMap contributors,INFRASTRUCTURE - RAILWAYS,,Free/Open,Current,,Continuous,Variable,https://www.openstreetmap.org/,Variable,3,,Yes - Overpass API,TIER1_BEST_DATASETS.csv
IRQ,Iraq,OpenStreetMap Water Features,Continuous (crowdsourced),HYDROLOGY / WATER,,Free/Open,Current,,,Variable,https://www.openstreetmap.org/,Variable,3,,Yes - Overpass API,TIER1_BEST_DATASETS.csv
IRQ,Iraq,Planet Labs,,SATELLITE IMAGERY (COMMERCIAL),,Commercial/Purchase,Daily coverage (PlanetScope),,Daily,Daily global coverage unique advantage. Lower resolution than Maxar/Airbus but frequent revisit valuable for monitoring. Iraq coverage available[56][52],https://www.planet.com/,Daily global coverage unique advantage. Lower resolution than Maxar/Airbus but frequent revisit valuable for monitoring. Iraq coverage available[56][52],3,,Yes - Planet API,TIER1_BEST_DATASETS.csv
IRQ,Iraq,QADIS Survey Archaeological Database,University of Bologna / State Board of Antiquities and Heritage (SBAH),SPECIAL DATASETS FOR IRAQ,,Academic/Research request,2016-2019 survey,,Static (project completed),Site-level (558 sites in southern Iraq),,Site-level (558 sites in southern Iraq),3,,No,TIER1_BEST_DATASETS.csv
IRQ,Iraq,Sentinel-2,"Best free multispectral imagery. Excellent for baseline mapping, change detection, vegetation analysis. 13 spectral bands. Essential free resource[10]",SATELLITE IMAGERY (COMMERCIAL),,Yes - Copernicus Open Access Hub API,2015-present,,5-day revisit (both satellites),"10m (visible/NIR), 20m (red edge/SWIR)",https://scihub.copernicus.eu/,"10m (visible/NIR), 20m (red edge/SWIR)",3,,,TIER1_BEST_DATASETS.csv
IRQ,Iraq,Sentinel-2 Land Cover Classification,,LAND COVER / LAND USE,,Yes - Copernicus Open Access Hub API,2015-present,,Continuous (5-day revisit),10m-20m,https://scihub.copernicus.eu/,10m-20m,3,,,TIER1_BEST_DATASETS.csv
IRQ,Iraq,TomTom,,INFRASTRUCTURE - ROADS,,Commercial/Purchase,Current,,Quarterly,Sub-meter to 5m accuracy,https://www.tomtom.com/,Sub-meter to 5m accuracy,3,,Yes - TomTom Maps API,TIER1_BEST_DATASETS.csv
IRQ,Iraq,Tribal/Indigenous Lands,,SPECIAL DATASETS FOR IRAQ,,Limited documentation,,,,Traditional tribal boundaries not formally mapped in open GIS databases. Local stakeholder engagement essential,,,3,,,TIER1_BEST_DATASETS.csv
IRQ,Iraq,UNESCO World Heritage Sites,UNESCO / UNOSAT,SPECIAL DATASETS FOR IRAQ,,Free/Open,,,,Official boundaries for World Heritage Sites. Damage assessments available[60][21],https://whc.unesco.org/,,3,,,TIER1_BEST_DATASETS.csv
IRQ,Iraq,USGS Iraq Geologic/Petroleum Provinces,Based on multiple sources,GEOLOGY / SOIL,,Free/Open,,,Static,"1:5,000,000 regional scale",https://catalog.data.gov/dataset/?tags=republic-of-iraq,"1:5,000,000 regional scale",3,,No,TIER1_BEST_DATASETS.csv
IRQ,Iraq,World Bank Climate Change Knowledge Portal - Iraq,World Bank (uses ERA5 data),CLIMATE / WEATHER,,Free/Open,1950-2023 historical; projections to 2100,,Annual,25km (ERA5-based),https://climateknowledgeportal.worldbank.org/country/iraq/,25km (ERA5-based),5,,Yes - data download available,TIER1_BEST_DATASETS.csv
IRQ,Iraq,World Bank Iraq Seismic Hazard Assessment,World Bank,SPECIAL DATASETS FOR IRAQ,,World Bank documents (free),,,,"Includes seismic hazard zones and landslide hazard maps for Iraq. Important for pipeline routing in seismically active areas (Kurdistan, Zagros Mountains)[62]",https://documents.worldbank.org/,,3,,,TIER1_BEST_DATASETS.csv
IRQ,Iraq,World Database on Protected Areas,UNEP-WCMC,PROTECTED AREAS / ENVIRONMENTAL,,Free/Open,"Current (as of May 2021, 23 PAs; updated September 2025)",,Monthly,Polygon and point features,https://www.protectedplanet.net/country/IRQ,Polygon and point features,4,,Yes - via Protected Planet API,TIER1_BEST_DATASETS.csv
IRQ,Iraq,WorldClim v2.1,,CLIMATE / WEATHER,,Free/Open,"1970-2000 (historical), future projections available",,Major updates every few years,"High-resolution interpolated climate surfaces (temperature, precipitation, bioclimatic variables). Widely used for spatial modeling[40]",https://www.worldclim.org/,"High-resolution interpolated climate surfaces (temperature, precipitation, bioclimatic variables). Widely used for spatial modeling[40]",3,,No (direct download),TIER1_BEST_DATASETS.csv
IRQ,Iraq,WorldPop Iraq,WorldPop / University of Southampton,POPULATION / DEMOGRAPHICS,,Free/Open,2000-2020 (annual),,Annual updates,HIGHEST QUALITY population dataset for Iraq. Provides population counts and density adjusted to UNPD estimates. UN-backed. Both top-down (census-based) and bottom-up (building/settlement) approaches[47][48][49][50][51],https://hub.worldpop.org/geodata/listing?id=29,,5,,Yes - via FTP and Google Earth Engine,TIER1_BEST_DATASETS.csv
ITA,Italy,"Airbus (Pléiades, SPOT) - Commercial",Airbus Defence and Space,SATELLITE IMAGERY,,Commercial/Purchase,"Extensive archive, tasking available",,On-demand,"50cm (Pléiades), 1.5m (SPOT 6/7)",https://oneatlas.airbus.com,"50cm (Pléiades), 1.5m (SPOT 6/7)",3,,Yes,TIER1_BEST_DATASETS.csv
ITA,Italy,Archaeological Sites Database,Italian Ministry of Culture (MiC) - Geoportale Nazionale per l'Archeologia (GNA),SPECIAL DATASETS FOR ITALY,,Restricted/Requires request - publicly viewable but full GIS data requires formal request,Current - consolidates historical and modern archaeological data,,Continuous updates,Site-level polygon and point data,,Site-level polygon and point data,5,,Limited,TIER1_BEST_DATASETS.csv
ITA,Italy,"CARG Project - Geological Map of Italy 1:50,000",ISPRA (Istituto Superiore per la Protezione e la Ricerca Ambientale),GEOLOGY / SOIL,,"Open/Free for raster maps, limited access to raw data; printed sheets available for purchase","Ongoing since 1988, 257 sheets completed (~40% coverage) as of current data",,Continuous production of new sheets,"1:50,000 scale with 1:25,000 database, derived from 1:10,000 field surveys",https://www.isprambiente.gov.it/en/projects/soil-and-territory/carg-project-geologic-and-geothematic-cartography,"1:50,000 scale with 1:25,000 database, derived from 1:10,000 field surveys",5,,Yes,TIER1_BEST_DATASETS.csv
ITA,Italy,Copernicus DEM,European Space Agency / Copernicus Programme,ELEVATION/TERRAIN (DEM),,Open/Free,Current (based on 2011-2015 data),,Stable baseline,High-quality global DSM (Digital Surface Model) representing Earth's surface including buildings and vegetation. Good coverage but lower resolution than TINITALY for Italy.[3],https://dataspace.copernicus.eu,,3,,Yes,TIER1_BEST_DATASETS.csv
ITA,Italy,CORINE Land Cover,"ISPRA (Istituto Superiore per la Protezione e la Ricerca Ambientale) for Italy, coordinated by European Environment Agency",LAND COVER / LAND USE,,Open/Free,"1990, 2000, 2006, 2012, 2018 reference years",,Every 6 years,"1:100,000 scale, 25 hectares minimum mapping unit (approximately 100m)",https://indicatoriambientali.isprambiente.it/en/land-use/land-use,"1:100,000 scale, 25 hectares minimum mapping unit (approximately 100m)",4,,Yes,TIER1_BEST_DATASETS.csv
ITA,Italy,DBSN - Database di Sintesi Nazionale,IGM (Istituto Geografico Militare - Italian Military Geographic Institute),INFRASTRUCTURE - ROADS,,Open/Free - Released as open data,Recent (updated periodically),,Periodic,"High resolution (1:10,000 to 1:25,000 scale equivalent)",,"High resolution (1:10,000 to 1:25,000 scale equivalent)",3,,Limited,TIER1_BEST_DATASETS.csv
ITA,Italy,Earthquake-Induced Landslide Database,INGV,SPECIAL DATASETS FOR ITALY,,Open/Free,"117 B.C. to 1997 - 1,058 landslides from 140 earthquake sequences",,Stable historical database,Point locations with accuracy classifications,https://doi.org/10.13127/cfti/landslides,Point locations with accuracy classifications,3,,Limited,TIER1_BEST_DATASETS.csv
ITA,Italy,ERA5 Reanalysis,ECMWF / Copernicus Climate Change Service,CLIMATE / WEATHER,,Open/Free,"1940-present, hourly data",,"Continuous updates, 5-day lag",31km (0.25° x 0.25°),https://cds.climate.copernicus.eu,31km (0.25° x 0.25°),5,,Yes,TIER1_BEST_DATASETS.csv
ITA,Italy,ESA WorldCover,European Space Agency,LAND COVER / LAND USE,,Open/Free,"2020, 2021",,Annual,10m,,10m,5,,Yes,TIER1_BEST_DATASETS.csv
ITA,Italy,EUAP - Elenco Ufficiale Aree Protette,ISPRA and Italian Ministry of Environment,PROTECTED AREAS / ENVIRONMENTAL,,Open/Free,Current - 843 terrestrial protected areas as of 2024,,Annual updates,Polygon boundaries at detailed scale,https://data.europa.eu,Polygon boundaries at detailed scale,4,,Yes,TIER1_BEST_DATASETS.csv
ITA,Italy,FAO Harmonized World Soil Database,FAO/IIASA/ISRIC,GEOLOGY / SOIL,,Open/Free,"Based on multiple sources, current version 1.2 (version 2.0 now available)",,Periodic major releases,30 arc-second (~1km),https://www.fao.org/soils-portal/data-hub/soil-maps-and-databases/harmonized-world-soil-database-v12/en/,30 arc-second (~1km),4,,Limited,TIER1_BEST_DATASETS.csv
ITA,Italy,GADM,GADM project,ADMINISTRATIVE BOUNDARIES,,Open/Free for non-commercial use,Current version (continuously updated),,Periodic releases,Multiple administrative levels,https://gadm.org,Multiple administrative levels,3,,Limited,TIER1_BEST_DATASETS.csv
ITA,Italy,"Geological Map of Italy 1:100,000",ISPRA,GEOLOGY / SOIL,,Open/Free,"1877-1976, 277 sheets plus 132 second edition",,Superseded by CARG project,"1:100,000 scale",https://www.isprambiente.gov.it,"1:100,000 scale",3,,Yes,TIER1_BEST_DATASETS.csv
ITA,Italy,GeoNames,GeoNames,ADMINISTRATIVE BOUNDARIES,,Open/Free - Creative Commons,Current,,Continuous community updates,All administrative levels (ADM1-ADM3),https://www.geonames.org,All administrative levels (ADM1-ADM3),4,,Yes,TIER1_BEST_DATASETS.csv
ITA,Italy,Global Surface Water Explorer,European Commission Joint Research Centre,HYDROLOGY / WATER,,Open/Free,1984-present,,Annual updates,30m,https://global-surface-water.appspot.com,30m,5,,Yes,TIER1_BEST_DATASETS.csv
ITA,Italy,Hydrogeological Risk Maps,ISPRA and Regional Basin Authorities,SPECIAL DATASETS FOR ITALY,,Open/Free through ISPRA and regional portals,Current,,Regular updates after major events,Basin-scale to detailed local assessments,https://www.isprambiente.gov.it,Basin-scale to detailed local assessments,3,,Limited,TIER1_BEST_DATASETS.csv
ITA,Italy,ISPRA National Hydrological Information System,ISPRA,HYDROLOGY / WATER,,"Open/Free for most data, some require request","Historical data from 1920s-1940s (Publication No. 14), modern monitoring current",,Daily observations for monitoring network,"Variable, includes 1km grid for hydrological balance",https://www.isprambiente.gov.it/en/databases/inland-waters,"Variable, includes 1km grid for hydrological balance",4,,Yes,TIER1_BEST_DATASETS.csv
ITA,Italy,ISTAT Administrative Boundaries,ISTAT (Istituto Nazionale di Statistica),ADMINISTRATIVE BOUNDARIES,,Open/Free,"Current, updated for administrative changes",,As administrative changes occur,"Municipality level (8,092 municipalities), province (107), and region (20) levels",https://www.istat.it,"Municipality level (8,092 municipalities), province (107), and region (20) levels",5,,Limited,TIER1_BEST_DATASETS.csv
ITA,Italy,ISTAT Census Data,ISTAT (Istituto Nazionale di Statistica),POPULATION / DEMOGRAPHICS,,Open/Free,"Regular census years, continuous demographic monitoring",,"Quarterly demographic indicators, decennial census","Official authoritative demographic data for Italy. Population 58.9 million (2024), comprehensive statistics on population density, distribution, age structure, urbanization. Essential for understandin",https://www.istat.it/en/statistical-themes/population/population-and-households/,,4,,Limited,TIER1_BEST_DATASETS.csv
ITA,Italy,Italian Meteorological Service Data,ISPRA (coordinates National Hydrological Services),CLIMATE / WEATHER,,Open/Free for most data,"Historical from 1920s, continuous modern monitoring",,"Daily observations, monthly derived products",Point stations and 1km gridded products,https://www.isprambiente.gov.it/en/databases/climate-and-meteo-2/weather,Point stations and 1km gridded products,4,,Yes,TIER1_BEST_DATASETS.csv
ITA,Italy,Italian National Land Cover and Land Use Map,ISPRA,LAND COVER / LAND USE,,Open/Free,2023,,Periodic,Higher geometric resolution than CORINE (100 m² vs. 25 hectares),https://www.isprambiente.gov.it,Higher geometric resolution than CORINE (100 m² vs. 25 hectares),3,,Limited,TIER1_BEST_DATASETS.csv
ITA,Italy,Italian Soil Information System,Italian National Research Council / Agricultural agencies,GEOLOGY / SOIL,,Open/Free,Current,,Periodic,"1:500,000 scale (soil regions), 1:500,000 (soil systems)",https://zenodo.org/records/7085005,"1:500,000 scale (soil regions), 1:500,000 (soil systems)",4,,Limited,TIER1_BEST_DATASETS.csv
ITA,Italy,LandScan,Oak Ridge National Laboratory (US),POPULATION / DEMOGRAPHICS,,Free with registration,Annual updates,,Annual,High-quality ambient population distribution (24-hour average). Good for Italy but WorldPop provides higher resolution.,https://landscan.ornl.gov,,3,,Limited,TIER1_BEST_DATASETS.csv
ITA,Italy,Landslide Inventory,ISPRA,SPECIAL DATASETS FOR ITALY,,Open/Free,Historical to present,,Periodic updates,Individual landslide polygons,https://www.isprambiente.gov.it,Individual landslide polygons,4,,Limited,TIER1_BEST_DATASETS.csv
ITA,Italy,Maxar (WorldView/GeoEye) - Commercial,Maxar Technologies,SATELLITE IMAGERY,,Commercial/Purchase - expensive,"Extensive archive, on-demand tasking",,On-demand and frequent area-of-interest updates,"30-50cm (panchromatic), 1.2-2m (multispectral)",https://www.maxar.com,"30-50cm (panchromatic), 1.2-2m (multispectral)",5,,Yes,TIER1_BEST_DATASETS.csv
ITA,Italy,Military Zones and Restricted Areas,Italian Ministry of Defense,SPECIAL DATASETS FOR ITALY,,Restricted - requires security clearance or formal request,Current,,As needed,Polygon boundaries,,Polygon boundaries,3,,,TIER1_BEST_DATASETS.csv
ITA,Italy,National Pipeline Registry Data,Italian government agencies (Ministry of Economic Development / Energy authorities),INFRASTRUCTURE - PIPELINES,,Restricted - Requires formal request and justification,,,,Official pipeline data exists but access is heavily restricted due to security concerns.,,,3,,,TIER1_BEST_DATASETS.csv
ITA,Italy,OpenInfraMap / OpenStreetMap Utilities,OpenStreetMap community,"INFRASTRUCTURE - UTILITIES (Power, Telecom)",,Open/Free,Current,,Continuous,Variable,https://openinframap.org,Variable,4,,Yes,TIER1_BEST_DATASETS.csv
ITA,Italy,OpenStreetMap Italy,OpenStreetMap Foundation,INFRASTRUCTURE - ROADS,,Open/Free - ODbL license,"Current, continuously updated",,Real-time/continuous,"Variable, generally very detailed",https://www.openstreetmap.org,"Variable, generally very detailed",5,,Yes,TIER1_BEST_DATASETS.csv
ITA,Italy,OpenStreetMap Pipelines,OpenStreetMap Foundation,INFRASTRUCTURE - PIPELINES,,Open/Free,Current,,Continuous,Variable,https://www.openstreetmap.org,Variable,4,,Yes,TIER1_BEST_DATASETS.csv
ITA,Italy,OpenStreetMap Railways,OpenStreetMap Foundation,INFRASTRUCTURE - RAILWAYS,,Open/Free,Current,,Continuous,Detailed,https://www.openstreetmap.org,Detailed,3,,Yes,TIER1_BEST_DATASETS.csv
ITA,Italy,Planet Labs - Commercial,Planet Labs,SATELLITE IMAGERY,,Commercial/Purchase - subscription model,Daily global coverage since 2016,,Daily (PlanetScope constellation),"3m (PlanetScope daily), 50cm (SkySat)",https://www.planet.com,"3m (PlanetScope daily), 50cm (SkySat)",3,,Yes,TIER1_BEST_DATASETS.csv
ITA,Italy,RFI (Rete Ferroviaria Italiana) Network Data,RFI - Italian Railway Infrastructure Manager,INFRASTRUCTURE - RAILWAYS,,"Restricted - Available through Network Statement publications, detailed GIS data requires formal request","Current - manages 16,751 km of network",,Regular updates,Detailed infrastructure data,https://www.rfi.it/en.html,Detailed infrastructure data,3,,No,TIER1_BEST_DATASETS.csv
ITA,Italy,Seismic Hazard Maps and Zones,INGV (Istituto Nazionale di Geofisica e Vulcanologia),SPECIAL DATASETS FOR ITALY,,Open/Free,"Current - MPS04 model released 2004-2006, updates under development",,Major updates every 10-15 years,"Grid-based hazard maps, municipal-level seismic zones",https://esse1-gis.mi.ingv.it,"Grid-based hazard maps, municipal-level seismic zones",5,,Limited,TIER1_BEST_DATASETS.csv
ITA,Italy,Sentinel-2,European Space Agency / Copernicus Programme,SATELLITE IMAGERY,,Open/Free,"2015-present, constellation provides 5-day revisit (each satellite 10 days)",,5-day revisit with two satellites,"10m (visible and NIR), 20m (red edge and SWIR), 60m (atmospheric)",https://dataspace.copernicus.eu,"10m (visible and NIR), 20m (red edge and SWIR), 60m (atmospheric)",5,,Yes,TIER1_BEST_DATASETS.csv
ITA,Italy,TERNA National Transmission Grid Data,TERNA - Italian National Transmission System Operator,"INFRASTRUCTURE - UTILITIES (Power, Telecom)",,Open/Free for statistical and operational data; detailed GIS requires request,Current operational data,,Daily to quarterly depending on data type,"High-voltage transmission network (owns 98.6% of national grid, 18,600 km of HV lines)",https://dati.terna.it/en/,"High-voltage transmission network (owns 98.6% of national grid, 18,600 km of HV lines)",5,,Yes,TIER1_BEST_DATASETS.csv
ITA,Italy,TINITALY DEM v1.1,INGV (Istituto Nazionale di Geofisica e Vulcanologia) | Istituto Nazionale di Geofisica e Vulcanologia (INGV),ELEVATION/TERRAIN (DEM),Raster DTM (10m),Open (CC BY 4.0) | Open/Free - Creative Commons Attribution 4.0 International (CC BY 4.0),2007 | Released January 2023 (version 1.1),2023,"Irregular updates | Periodic updates (v1.0 was 2007, v1.1 in 2023)",Available,https://tinitaly.pi.ingv.it/,,5,,Yes,COUNTRY_COVERAGE_LONG.csv | TIER1_BEST_DATASETS.csv
ITA,Italy,World Database on Protected Areas,UNEP-WCMC and IUCN,PROTECTED AREAS / ENVIRONMENTAL,,Open/Free,"Current - 3,963 total protected areas for Italy",,Monthly,Global standard,https://www.protectedplanet.net,Global standard,5,,Yes,TIER1_BEST_DATASETS.csv
ITA,Italy,WorldClim,WorldClim project,CLIMATE / WEATHER,,Open/Free,"1970-2000 baseline, future projections available",,Stable climatology,30 arc-seconds to 2.5 minutes (~1km to 5km),https://www.worldclim.org,30 arc-seconds to 2.5 minutes (~1km to 5km),4,,Limited,TIER1_BEST_DATASETS.csv
ITA,Italy,WorldPop,"WorldPop, University of Southampton",POPULATION / DEMOGRAPHICS,,Open/Free - Creative Commons,"2000-2020, annual",,Annual,High-resolution gridded population estimates adjusted to UN totals. Excellent spatial detail (100m) for identifying populated areas along pipeline corridors. More spatially explicit than ISTAT adminis,https://hub.worldpop.org,,5,,Yes,TIER1_BEST_DATASETS.csv
JPN,Japan,GSI DEM,GSI (Geospatial Information Authority of Japan),Raster DTM (5m / 10m),,Open,2008,Present,Ongoing,Available,https://fgd.gsi.go.jp/download/menu.php,,,,,COUNTRY_COVERAGE_LONG.csv
KWT,Kuwait,ASTER GDEM v3,NASA/METI,ELEVATION/TERRAIN (DEM),,Open/Free,2000-2013,,Static (version 3 released 2019),"Moderate - Less accurate than SRTM and Copernicus in flat desert terrain, RMSE 8-15m[5]",https://earthexplorer.usgs.gov,,3,,Yes - NASA Earthdata API,TIER1_BEST_DATASETS.csv
KWT,Kuwait,Copernicus DEM GLO-30,European Space Agency / Copernicus Programme,ELEVATION/TERRAIN (DEM),,Open/Free,Current (static dataset based on 2011-2015 data),,Static,30m (GLO-30 / 1 arc-second),https://dataspace.copernicus.eu/,30m (GLO-30 / 1 arc-second),5,,"Yes - Sentinel Hub API, Copernicus Data Space API",TIER1_BEST_DATASETS.csv
KWT,Kuwait,ERA5 Reanalysis,European Centre for Medium-Range Weather Forecasts (ECMWF),CLIMATE / WEATHER,,Open/Free,1940-present (hourly data),,Daily updates with 5-day lag,0.25° × 0.25° (~25-30 km),https://cds.climate.copernicus.eu/,0.25° × 0.25° (~25-30 km),5,,Yes - Copernicus Climate Data Store API,TIER1_BEST_DATASETS.csv
KWT,Kuwait,ESA WorldCover,European Space Agency WorldCover Consortium,LAND COVER / LAND USE,,Open/Free,"2020, 2021 (annual products)",,Annually,10 meters,https://esa-worldcover.org/,10 meters,5,,"Yes - Sentinel Hub API, Google Earth Engine",TIER1_BEST_DATASETS.csv
KWT,Kuwait,Esri Demographics for Kuwait,Esri / Michael Bauer Research GmbH,POPULATION / DEMOGRAPHICS,,Commercial - Esri subscription required,Current,,Regular updates,Good - Standard demographic variables for business and planning applications[61],,,4,,Yes - ArcGIS Living Atlas,TIER1_BEST_DATASETS.csv
KWT,Kuwait,FAO Harmonized World Soil Database,FAO / IIASA,GEOLOGY / SOIL,,Open/Free,Current (compilation of various sources),,Periodic major updates,1 km (30 arc-seconds),https://www.fao.org/soils-portal/,1 km (30 arc-seconds),3,,No - Download only,TIER1_BEST_DATASETS.csv
KWT,Kuwait,FAO Reconnaissance Soil Survey (1965-1968),FAO / Kuwait Ministry of Public Works,GEOLOGY / SOIL,,Open/Free,1965-1968 field surveys,,Historic dataset,"1:250,000, published at 1:500,000",https://www.fao.org/,"1:250,000, published at 1:500,000",3,,No,TIER1_BEST_DATASETS.csv
KWT,Kuwait,GADM,GADM Project,ADMINISTRATIVE BOUNDARIES,,Open/Free for non-commercial use,Current,,Periodic updates,Administrative level 0-1 (country and governorate),https://gadm.org/,Administrative level 0-1 (country and governorate),4,,No - Download only,TIER1_BEST_DATASETS.csv
KWT,Kuwait,Global Surface Water Explorer,European Commission Joint Research Centre,HYDROLOGY / WATER,,Open/Free,1984-present,,Annual updates,30 meters,https://global-surface-water.appspot.com/,30 meters,5,,Yes - Google Earth Engine API,TIER1_BEST_DATASETS.csv
KWT,Kuwait,GLWD v2,McGill University,HYDROLOGY / WATER,,Open/Free,1990-2020,,Static,15 arc-seconds (~500m),https://www.hydrosheds.org/products/glwd,15 arc-seconds (~500m),3,,No,TIER1_BEST_DATASETS.csv
KWT,Kuwait,Google Dynamic World (Sentinel-2 based),Google/World Resources Institute,LAND COVER / LAND USE,,Open/Free,2015-present,,Near real-time (every Sentinel-2 pass),10 meters,https://www.dynamicworld.app/,10 meters,4,,Yes - Google Earth Engine API,TIER1_BEST_DATASETS.csv
KWT,Kuwait,Gulf Railway Network,GCC Railway Authority,INFRASTRUCTURE - RAILWAYS,,Restricted,Under development - scheduled 2030,,Project phase,Regional network planning,,Regional network planning,3,,No,TIER1_BEST_DATASETS.csv
KWT,Kuwait,HDX COD-AB Kuwait,UN OCHA / Humanitarian Data Exchange,ADMINISTRATIVE BOUNDARIES,,Open/Free,Current (most recent update June 2023),,Annual,Administrative levels 0-1,https://data.humdata.org/dataset/cod-ab-kwt,Administrative levels 0-1,4,,Yes - HDX API,TIER1_BEST_DATASETS.csv
KWT,Kuwait,HERE Technologies Kuwait Roads,HERE Technologies,INFRASTRUCTURE - ROADS,,Commercial/Purchase,Current,,Quarterly updates,"Road centerline with attributes (speed limits, road class, restrictions)",https://www.here.com/,"Road centerline with attributes (speed limits, road class, restrictions)",5,,Yes - HERE Location Services API,TIER1_BEST_DATASETS.csv
KWT,Kuwait,HydroSHEDS / HydroRIVERS,WWF/McGill University/USGS,HYDROLOGY / WATER,,Open/Free,Current (static baseline),,Periodic major updates,15 arc-seconds (~500m),https://www.hydrosheds.org/,15 arc-seconds (~500m),4,,No - Download only,TIER1_BEST_DATASETS.csv
KWT,Kuwait,Kuwait Automatic Weather Observation System,Kuwait Meteorological Services,CLIMATE / WEATHER,,Restricted - Government/research access,2008-present,,Real-time,Multiple station network,,Multiple station network,5,,Uncertain,TIER1_BEST_DATASETS.csv
KWT,Kuwait,Kuwait EPA eMISK Land Cover Data,Kuwait Environment Public Authority (EPA),LAND COVER / LAND USE,,Restricted - Government agency access via eMISK Enterprise system,Current - 20+ years of monitoring data,,Ongoing updates,"Variable (integrated with topographic, geomorphological data)",https://epa.gov.kw/en-us/eMISK,"Variable (integrated with topographic, geomorphological data)",3,,No public API,TIER1_BEST_DATASETS.csv
KWT,Kuwait,Kuwait EPA Protected Areas Database,Kuwait Environment Public Authority,PROTECTED AREAS / ENVIRONMENTAL,,Restricted - Access via eMISK system or www.beatona.net,Current - established under 2016 environment protection law,,Updated as new areas designated,Vector polygons with boundaries,https://epa.gov.kw/,Vector polygons with boundaries,5,,No public API,TIER1_BEST_DATASETS.csv
KWT,Kuwait,Kuwait EPA Water Resources Database,Kuwait Environment Public Authority,HYDROLOGY / WATER,,Restricted - Government access via eMISK,Current - 20+ years monitoring,,Continuous monitoring,"Variable - includes wells, aquifers, wadis",https://epa.gov.kw/en-us/eMISK,"Variable - includes wells, aquifers, wadis",5,,No public API,TIER1_BEST_DATASETS.csv
KWT,Kuwait,Kuwait Geological Survey Maps,Geologische Bundesanstalt (GBA) Austria / Kuwait Oil Company,GEOLOGY / SOIL,,Restricted/Requires request,1981 compilation (based on LANDSAT imagery),,Historic - not regularly updated,"1:250,000 (best available), 1:100,000, 1:50,000 scales",,"1:250,000 (best available), 1:100,000, 1:50,000 scales",4,,No,TIER1_BEST_DATASETS.csv
KWT,Kuwait,Kuwait Institute for Scientific Research (KISR) Hydrological Data,Kuwait Institute for Scientific Research,HYDROLOGY / WATER,,Restricted/Requires request,1980s-present,,Project-based,Variable - includes bathymetric and hydrological mapping,https://www.kisr.edu.kw,Variable - includes bathymetric and hydrological mapping,3,,No,TIER1_BEST_DATASETS.csv
KWT,Kuwait,Kuwait Meteorological Department,Kuwait Directorate General of Civil Aviation - Meteorological Department,CLIMATE / WEATHER,,Partially open - historical data may require request,Historical records (1960s-present),,"Real-time observations, daily forecasts",Station-based observations,https://www.met.gov.kw/,Station-based observations,5,,Uncertain - contact department,TIER1_BEST_DATASETS.csv
KWT,Kuwait,Kuwait Ministry of Electricity and Water (MEW) GIS Data,Ministry of Electricity and Water,"INFRASTRUCTURE - UTILITIES (Power, Telecom)",,Restricted - Government/utility use,Historical archive converted from paper maps + current digital data,,Continuous updates,High precision - facility and network level,https://www.mew.gov.kw/,High precision - facility and network level,5,,Likely internal only,TIER1_BEST_DATASETS.csv
KWT,Kuwait,Kuwait National Parks and Reserves,Kuwait EPA / Ministry of Environment,PROTECTED AREAS / ENVIRONMENTAL,,Restricted/Requires request,Current,,As designated,Vector boundaries,,Vector boundaries,3,,No,TIER1_BEST_DATASETS.csv
KWT,Kuwait,Kuwait National Petroleum Company (KNPC) Infrastructure Data,Kuwait National Petroleum Company,INFRASTRUCTURE - PIPELINES,,"Restricted - Internal use, requires formal government request",Current,,Regular updates,Facility and network level,,Facility and network level,3,,No public API,TIER1_BEST_DATASETS.csv
KWT,Kuwait,Kuwait National Railway Project (KNRR) Data,Public Authority for Roads and Land Transport (PART) / Ministry of Communications,INFRASTRUCTURE - RAILWAYS,,Restricted - Government/contractor access,In development - planned completion 2028,,Project development phase,Engineering design level,https://www.kuwaitrailroad.com/,Engineering design level,3,,No,TIER1_BEST_DATASETS.csv
KWT,Kuwait,Kuwait Oil Company (KOC) LiDAR DEM,Kuwait Oil Company,ELEVATION/TERRAIN (DEM),,"Restricted - Internal KOC use, may require formal request",2010s-present (ongoing updates),,Project-based updates,"Excellent - Highest resolution DEM available for Kuwait oil field areas, three-dimensional terrain mapping[8][9]",,,5,,No public API,TIER1_BEST_DATASETS.csv
KWT,Kuwait,Kuwait Oil Company (KOC) Pipeline GIS Database,Kuwait Oil Company - Integrated Masterplan (IMP) Project,INFRASTRUCTURE - PIPELINES,,"Restricted - Internal KOC use only, extremely sensitive data",Current - continuously updated,,Real-time updates via field surveys and aerial imagery,"Asset-level precision - includes all wells, pipelines, manifolds",,"Asset-level precision - includes all wells, pipelines, manifolds",5,,Internal ArcGIS Server/Portal APIs only,TIER1_BEST_DATASETS.csv
KWT,Kuwait,Kuwait Public Authority for Civil Information,PACI / Kuwait Central Statistics Bureau,POPULATION / DEMOGRAPHICS,,Restricted/Requires request,"Most recent official census 2005, current population estimates",,"Irregular census, annual estimates","Excellent - Official population statistics, 4.82 million total (2024), 1.53 million Kuwaiti citizens, 3.29 million expatriates[56][57]",,,5,,No public API,TIER1_BEST_DATASETS.csv
KWT,Kuwait,Kuwait Soil Survey (1999),Government of Kuwait / AACM International Consultant,GEOLOGY / SOIL,,Restricted/Requires request from agricultural authorities,1999 (field survey),,No regular updates,"1:100,000 reconnaissance, 1:25,000 semi-detailed",,"1:100,000 reconnaissance, 1:25,000 semi-detailed",4,,No,TIER1_BEST_DATASETS.csv
KWT,Kuwait,Kuwait Survey Department Official Boundaries,Kuwait Survey Department / National Geospatial Information Authority,ADMINISTRATIVE BOUNDARIES,,Restricted/Requires request,Current,,As administrative changes occur,Precise legal boundaries,,Precise legal boundaries,5,,No,TIER1_BEST_DATASETS.csv
KWT,Kuwait,Kuwait Survey Department Road Network,Kuwait Survey Department / Public Authority for Civil Information (PACI),INFRASTRUCTURE - ROADS,,"Restricted - Government use, may require formal request",Current - continuously updated via Kuwait Finder system,,Regular updates using deep learning/AI on satellite imagery,High precision - street level with building footprints,,High precision - street level with building footprints,5,,Likely internal only,TIER1_BEST_DATASETS.csv
KWT,Kuwait,Kuwait Survey Department Topographic Data,"Kuwait Survey Department, Ministry of Public Works",ELEVATION/TERRAIN (DEM),,Restricted/Requires request from government,Originally captured 1960s-1980s by Hunting Surveys and Asia Air Survey,,Irregular updates,"High accuracy for historical baseline, may be outdated; integrated into KUDAMS system using Kuwait Transverse Mercator grid[6][7]",,,3,,No,TIER1_BEST_DATASETS.csv
KWT,Kuwait,LandScan Global Population,Oak Ridge National Laboratory (ORNL),POPULATION / DEMOGRAPHICS,,"Free for US government and academic use, commercial licensing available",Annual datasets,,Annual,"Excellent - Ambient (24-hour average) population distribution, integrates nighttime lights and infrastructure data, well-suited for Kuwait's energy-rich context[60]",https://landscan.ornl.gov/,,5,,No,TIER1_BEST_DATASETS.csv
KWT,Kuwait,Maxar Technologies,Maxar Technologies,SATELLITE IMAGERY (COMMERCIAL),,Commercial/Purchase,2000s-present (extensive archive),,"On-demand tasking, routine collections","30 cm (WorldView-3, WorldView Legion), 50 cm (WorldView-1/2, GeoEye-1)",,"30 cm (WorldView-3, WorldView Legion), 50 cm (WorldView-1/2, GeoEye-1)",3,,Yes - Maxar Sec,TIER1_BEST_DATASETS.csv
KWT,Kuwait,OneGeology Portal,OneGeology Consortium / USGS,GEOLOGY / SOIL,,Open/Free,Current,,Contributing survey dependent,Variable by contributing survey,http://www.onegeology.org/,Variable by contributing survey,4,,Yes - WMS/WFS services,TIER1_BEST_DATASETS.csv
KWT,Kuwait,OpenStreetMap / OpenInfraMap Kuwait Utilities,OpenStreetMap Community,"INFRASTRUCTURE - UTILITIES (Power, Telecom)",,Open/Free,Current,,Community updates,Variable,https://openinframap.org/,Variable,3,,Yes - Overpass API,TIER1_BEST_DATASETS.csv
KWT,Kuwait,OpenStreetMap Kuwait,OpenStreetMap Foundation / Community contributors,INFRASTRUCTURE - ROADS,,Open/Free,Current - continuously updated,,Continuous community updates,Variable - road centerlines,https://www.openstreetmap.org/,Variable - road centerlines,4,,"Yes - Overpass API, OSM API",TIER1_BEST_DATASETS.csv
KWT,Kuwait,OpenStreetMap Kuwait Pipelines,OpenStreetMap Community,INFRASTRUCTURE - PIPELINES,,Open/Free,Current,,Community updates,Line features,https://www.openstreetmap.org/,Line features,3,,Yes - Overpass API,TIER1_BEST_DATASETS.csv
KWT,Kuwait,OpenStreetMap Kuwait Railways,OpenStreetMap Community,INFRASTRUCTURE - RAILWAYS,,Open/Free,Current,,Community updates,Vector line data,https://www.openstreetmap.org/,Vector line data,3,,Yes - Overpass API,TIER1_BEST_DATASETS.csv
KWT,Kuwait,Sentinel-2 Land Cover Classification,ESA Copernicus Programme,LAND COVER / LAND USE,,Open/Free,2015-present,,5-day revisit time,10-20 meters,https://dataspace.copernicus.eu/,10-20 meters,5,,"Yes - Copernicus Open Access Hub API, Google Earth Engine",TIER1_BEST_DATASETS.csv
KWT,Kuwait,SRTM 30m DEM,NASA/USGS,ELEVATION/TERRAIN (DEM),,Open/Free,February 2000,,Static,"Good - RMSE ~6-10m vertically, widely validated, suitable for regional pipeline routing[4][5]",https://earthexplorer.usgs.gov,,4,,Yes - USGS Earth Explorer API,TIER1_BEST_DATASETS.csv
KWT,Kuwait,TomTom Kuwait Roads,TomTom,INFRASTRUCTURE - ROADS,,Commercial/Purchase,Current,,Regular updates,Road centerline with traffic data,https://developer.tomtom.com/,Road centerline with traffic data,5,,"Yes - TomTom Maps API, Routing API",TIER1_BEST_DATASETS.csv
KWT,Kuwait,World Database on Protected Areas,UNEP-WCMC / IUCN,PROTECTED AREAS / ENVIRONMENTAL,,Open/Free,Current - updated September 2025,,Monthly updates,Vector polygons,https://www.protectedplanet.net/en/country/KWT,Vector polygons,4,,Yes - Protected Planet API,TIER1_BEST_DATASETS.csv
KWT,Kuwait,WorldClim,WorldClim / University of California,CLIMATE / WEATHER,,Open/Free,"1970-2000 baseline, future projections available",,Periodic major updates,30 arc-seconds (~1 km) to 2.5 arc-minutes,https://www.worldclim.org/,30 arc-seconds (~1 km) to 2.5 arc-minutes,4,,No - Download only,TIER1_BEST_DATASETS.csv
KWT,Kuwait,WorldPop Kuwait,WorldPop / University of Southampton,POPULATION / DEMOGRAPHICS,,Open/Free,2000-2020 (annual datasets),,Annual,"Very good - UN-adjusted population density grids, useful for identifying populated areas for pipeline routing avoidance[58][59]",https://hub.worldpop.org/,,4,,No - Download only,TIER1_BEST_DATASETS.csv
NLD,Netherlands,AHN4 (Actueel Hoogtebestand Nederland),Rijkswaterstaat / PDOK,Raster DTM/DSM (0.5m LiDAR),,Open (CC0),2020,2022,5-6 year cycle,Available,https://www.pdok.nl/introductie/-/article/actueel-hoogtebestand-nederland-ahn,,,,,COUNTRY_COVERAGE_LONG.csv
NOR,Norway,Airbus Intelligence,Airbus Defence and Space,SATELLITE IMAGERY,,Commercial/purchase,Archive and tasking,,On-demand,Excellent - high-resolution commercial imagery,https://www.intelligence-airbusds.com,Excellent - high-resolution commercial imagery,3,,Yes - via OneAtlas platform,TIER1_BEST_DATASETS.csv
NOR,Norway,AR-STAT Land Resource Map,NIBIO (Norwegian Institute of Bioeconomy Research) / Statistics Norway (SSB),LAND COVER / LAND USE,,Open/Free via Geonorge,Annual updates,,Annually,High-resolution vector (cadastral parcel level),,High-resolution vector (cadastral parcel level),5,,"https://www.ssb.no/en/natur-og-miljo/areal/statistikk/arealbruk-og-arealressurser, https://data.ssb.no/api",TIER1_BEST_DATASETS.csv
NOR,Norway,Archaeological/Cultural Heritage Sites,Directorate for Cultural Heritage / Riksantikvaren,SPECIAL DATASETS FOR NORWAY,,Restricted for sensitive sites / Open for general heritage,Current,,Ongoing registration,Point and polygon features,,Point and polygon features,4,,Limited,TIER1_BEST_DATASETS.csv
NOR,Norway,Avalanche Hazard Data,NVE,SPECIAL DATASETS FOR NORWAY,,Open/Free via Varsom.no,Current,,Continuous for warning service,Catchment and zone-specific,https://www.varsom.no,Catchment and zone-specific,5,,Likely available,TIER1_BEST_DATASETS.csv
NOR,Norway,Copernicus DEM,European Space Agency / Copernicus Programme,ELEVATION/TERRAIN (DEM),,Open/Free,2011–2015 (TanDEM-X mission data),,Static baseline,Qualifier: Best Global Option,https://land.copernicus.eu,,3,,Yes - various download services,TIER1_BEST_DATASETS.csv
NOR,Norway,Copernicus Global Land Cover,Copernicus Land Monitoring Service,LAND COVER / LAND USE,,Open/Free,2015–present,,Annual,10m (enhanced version),https://land.copernicus.eu/en/products/global-dynamic-land-cover,10m (enhanced version),4,,Yes,TIER1_BEST_DATASETS.csv
NOR,Norway,DTM 1,Kartverket (Norwegian Mapping Authority),Raster DTM (1m LiDAR-derived),,Open (CC BY 4.0),2016,Present,Ongoing,Available,https://hoydedata.no/,,,,,COUNTRY_COVERAGE_LONG.csv
NOR,Norway,ERA5 Reanalysis,ECMWF / Copernicus Climate Change Service,CLIMATE / WEATHER,,Open/Free,1940–present,,Near real-time (5-day lag),"Excellent - global coverage, hourly temporal resolution, comprehensive atmospheric variables",https://cds.climate.copernicus.eu,"Excellent - global coverage, hourly temporal resolution, comprehensive atmospheric variables",3,,Yes - Climate Data Store API,TIER1_BEST_DATASETS.csv
NOR,Norway,ESA WorldCover,European Space Agency,LAND COVER / LAND USE,,Open/Free,2020–2021,,Annual,10m,https://worldcover.esa.int,10m,4,,Yes,TIER1_BEST_DATASETS.csv
NOR,Norway,FAO Harmonized World Soil Database,Static (compiled from various sources),GEOLOGY / SOIL,,Open/Free,,,Periodic revisions,"Moderate - coarse resolution, national data superior for Norway",https://www.fao.org,"Moderate - coarse resolution, national data superior for Norway",3,,No,TIER1_BEST_DATASETS.csv
NOR,Norway,GADM,GADM,ADMINISTRATIVE BOUNDARIES,,Open/Free (non-commercial use),Current,,Periodic updates,Vector - multiple administrative levels,https://gadm.org,Vector - multiple administrative levels,4,,No - direct download,TIER1_BEST_DATASETS.csv
NOR,Norway,Global Surface Water Explorer,European Commission Joint Research Centre,HYDROLOGY / WATER,,Open/Free,"Good - long-term temporal coverage, seasonal variations captured",,Annual,30m,https://global-surface-water.appspot.com,30m,3,,Yes - Google Earth Engine,TIER1_BEST_DATASETS.csv
NOR,Norway,LandScan Global,Oak Ridge National Laboratory (US),POPULATION / DEMOGRAPHICS,,"Very Good - ambient population distribution (24-hour average), industry standard but access restricted[42]",2000–present (annual),,Annual,~1 km,https://landscan.ornl.gov,,4,,No,TIER1_BEST_DATASETS.csv
NOR,Norway,Marine Geology,NGU / MAREANO program,GEOLOGY / SOIL,,Open/Free,2006–present (ongoing),,Ongoing surveys,High-resolution seabed mapping,https://www.mareano.no/en/maps-and-data/geological-data,High-resolution seabed mapping,5,,Yes - map services,TIER1_BEST_DATASETS.csv
NOR,Norway,Marine Protected Areas,Miljødirektoratet / Fiskeridirektoratet,SPECIAL DATASETS FOR NORWAY,,Open/Free,Current,,As designated,Polygon boundaries,https://kartkatalog.miljodirektoratet.no,Polygon boundaries,5,,Via Geonorge,TIER1_BEST_DATASETS.csv
NOR,Norway,Maxar,Maxar Technologies,SATELLITE IMAGERY,,Commercial/purchase,Archive and tasking,,On-demand tasking,"Excellent - highest commercial resolution, costly",https://www.maxar.com,"Excellent - highest commercial resolution, costly",3,,Yes - via commercial platforms,TIER1_BEST_DATASETS.csv
NOR,Norway,MET Norway Weather API,"Excellent - authoritative national source, 1 km resolution weather model for North Europe, comprehensive historical climate data via Frost API, real-time observations, satellite data[33][34][35][36",CLIMATE / WEATHER,,Open/Free (CC BY 4.0 / NLOD license),"Historical archives, real-time, forecasts",,"Hourly updates for forecasts, continuous for observations","1 km (MET Nordic model), station data, various products",,"1 km (MET Nordic model), station data, various products",5,,"https://api.met.no, https://frost.met.no (historical/climate data)",TIER1_BEST_DATASETS.csv
NOR,Norway,Military Restricted Areas,Norwegian Defence,SPECIAL DATASETS FOR NORWAY,,Restricted information / Basic zones public,Current,,As restrictions change,Zone boundaries,,Zone boundaries,3,,No,TIER1_BEST_DATASETS.csv
NOR,Norway,National DEM 10m (DTM10/DOM10),Kartverket,ELEVATION/TERRAIN (DEM),,Open/Free,Complete coverage (2018 version widely distributed),,Periodic updates,"Very Good - complete nationwide coverage, LiDAR and photogrammetry-derived, suitable for regional analysis[2][3]",https://www.geonorge.no,,4,,Yes - WMS/WFS via Geonorge,TIER1_BEST_DATASETS.csv
NOR,Norway,National Electricity Transmission Data,Various operators / NVE (regulatory oversight),"INFRASTRUCTURE - UTILITIES (Power, Telecom)",,Restricted/requires request (limited public availability),Current,,Unknown,Variable,,Variable,3,,Unknown,TIER1_BEST_DATASETS.csv
NOR,Norway,National Geological Datasets,NGU (Geological Survey of Norway),GEOLOGY / SOIL,,Open/Free via Geonorge,Current and historical mapping,,Ongoing mapping programs,"Excellent - comprehensive bedrock geology, Quaternary deposits, high-resolution aeromagnetic/electromagnetic/radiometric surveys (particularly nort",https://www.ngu.no/en/geologiske-kart/datasett,"Excellent - comprehensive bedrock geology, Quaternary deposits, high-resolution aeromagnetic/electromagnetic/radiometric surveys (particularly nort",3,,"Yes - WMS/WFS, Atom feed download service",TIER1_BEST_DATASETS.csv
NOR,Norway,National High-Resolution DEM (NDH DTM1),Kartverket (Norwegian Mapping Authority),ELEVATION/TERRAIN (DEM),,Open/Free,2016–present (ongoing acquisition),,Continuous (project covers most of Norway),"Excellent - highest resolution national DEM, LiDAR-based terrain model with vertical reference NN2000 (EVRF2007 compatible)[1][2][3]",,,3,,"https://www.kartverket.no/en/api-and-data, https://www.geonorge.no",TIER1_BEST_DATASETS.csv
NOR,Norway,National Hydrological Database,NVE (Norwegian Water Resources and Energy Directorate),HYDROLOGY / WATER,,Open/Free,Historical records (some >100 years) to present,,Real-time for many stations,Station-based time series and catchment networks,https://www.nve.no/hydrology,Station-based time series and catchment networks,5,,Likely available (contact NVE),TIER1_BEST_DATASETS.csv
NOR,Norway,National Land Use Statistics,"Very Good - official statistics, harmonized with European standards, integrates multiple authoritative sources[7][8]",LAND COVER / LAND USE,,Open/Free,Current,,Annually,Vector - parcel and cadastral level,,Vector - parcel and cadastral level,4,,"https://data.ssb.no/api, https://www.geonorge.no",TIER1_BEST_DATASETS.csv
NOR,Norway,National Landslide Susceptibility Maps,NVE / NGU,SPECIAL DATASETS FOR NORWAY,,Open/Free via NVE Atlas,"Current (2014 national map, continuously updated)",,Ongoing updates,"Catchment level (debris flows, debris slides) and site-specific (rock avalanches)",https://www.nve.no/hydrology,"Catchment level (debris flows, debris slides) and site-specific (rock avalanches)",5,,Map services available,TIER1_BEST_DATASETS.csv
NOR,Norway,National Orthophotos,Kartverket,SATELLITE IMAGERY,,"Some free, detailed orthophotos may require purchase",Periodic aerial surveys,,Multi-year cycles,"Excellent - highest resolution national coverage, most detailed free orthophotos may require purchase[44]",,"Excellent - highest resolution national coverage, most detailed free orthophotos may require purchase[44]",3,,https://www.kartverket.no/en/api-and-data/order-geospatial-data,TIER1_BEST_DATASETS.csv
NOR,Norway,National Pipeline Registry,Government / petroleum authorities,INFRASTRUCTURE - PIPELINES,,Restricted/requires formal request,Current,,Unknown,Unknown,,Unknown,3,,No,TIER1_BEST_DATASETS.csv
NOR,Norway,National Protected Areas Database,Miljødirektoratet (Norwegian Environment Agency),PROTECTED AREAS / ENVIRONMENTAL,,Open/Free,Current (includes historical protection laws from 1910 onwards),,Regular updates as new areas designated,Polygon boundaries,https://kartkatalog.miljodirektoratet.no/dataset/Details/0,Polygon boundaries,5,,Yes - WMS/WFS via Geonorge/Miljødirektoratet,TIER1_BEST_DATASETS.csv
NOR,Norway,National Railway Network Dataset,Bane NOR SF,INFRASTRUCTURE - RAILWAYS,,Open/Free via Geonorge,Current,,Annually,Geographic reference lines (linear referencing system),,Geographic reference lines (linear referencing system),5,,"https://www.geonorge.no, https://inspire-geoportal.ec.europa.eu/srv/api/records/c3da3591-cded-4584-a4b1-bc61b7d1f4f2",TIER1_BEST_DATASETS.csv
NOR,Norway,National River Network Database,NVE,HYDROLOGY / WATER,,Open/Free via Geonorge,Current,,Periodic updates,"Vector - detailed river segments, streams, lakes",https://www.geonorge.no,"Vector - detailed river segments, streams, lakes",5,,Yes - INSPIRE-compliant WFS,TIER1_BEST_DATASETS.csv
NOR,Norway,National Road Database,Statens vegvesen (Norwegian Public Roads Administration),INFRASTRUCTURE - ROADS,,Open/Free,Current,,Continuously updated,Very detailed vector - centerline and regulation data,https://dataut.vegvesen.no/en/dataset/vegnett-og-vegregulering-i-nvdb,Very detailed vector - centerline and regulation data,5,,Yes - NVDB API v3 (XML/JSON),TIER1_BEST_DATASETS.csv
NOR,Norway,National Soil Maps,"Very Good - agricultural focus, integrated with land resource mapping",GEOLOGY / SOIL,,Open/Free via Geonorge,Current,,Periodic updates,Variable (regional to national),https://www.geonorge.no,Variable (regional to national),4,,Via Geonorge services,TIER1_BEST_DATASETS.csv
NOR,Norway,"Norway Digital is the national SDI framework coordinating data sharing across agencies, ensuring I",,SPECIAL DATASETS FOR NORWAY,,,,,,,,,3,,//inspire-geoportal.ec.europa.eu/srv/api/records/c3da3591-cded-4584-a4b1-bc61b7d1f4f2),TIER1_BEST_DATASETS.csv
NOR,Norway,Norwegian Gas Transport System,Gassco (operator) / Gassled (owner),INFRASTRUCTURE - PIPELINES,,"Excellent data exists but access is restricted; interactive maps show ~8,800 km of pipelines, major platforms, but detailed GIS layers require dire",Current,,As infrastructure changes,Pipeline routes and facilities,https://www.norskpetroleum.no/en/production-and-exports,Pipeline routes and facilities,5,,No public API,TIER1_BEST_DATASETS.csv
NOR,Norway,Official Administrative Boundaries,"Excellent - official legal boundaries for municipalities, counties, cadastral parcels, property boundaries, most authoritative source[38][39][1]",ADMINISTRATIVE BOUNDARIES,,Open/Free,Current,,As administrative changes occur,Vector - precise legal boundaries,,Vector - precise legal boundaries,5,,"https://www.geonorge.no, https://www.kartverket.no/en/api-and-data",TIER1_BEST_DATASETS.csv
NOR,Norway,OpenInfraMap / OpenStreetMap,OpenStreetMap contributors,"INFRASTRUCTURE - UTILITIES (Power, Telecom)",,Open/Free,Current,,Community-driven,Vector,https://openinframap.org,Vector,3,,Yes - Overpass API,TIER1_BEST_DATASETS.csv
NOR,Norway,OpenStreetMap Norway,OpenStreetMap contributors,INFRASTRUCTURE - ROADS,,Open/Free (ODbL license),Current,,Continuous community updates,Variable vector data,https://www.openstreetmap.org,Variable vector data,4,,Yes - Overpass API,TIER1_BEST_DATASETS.csv
NOR,Norway,OpenStreetMap Pipelines,OpenStreetMap contributors,INFRASTRUCTURE - PIPELINES,,Open/Free,Current,,Limited,Vector,https://www.openstreetmap.org,Vector,2,,Yes - Overpass API,TIER1_BEST_DATASETS.csv
NOR,Norway,OpenStreetMap Railways,OpenStreetMap contributors,INFRASTRUCTURE - RAILWAYS,,Open/Free,Current,,Community-driven,Vector,https://www.openstreetmap.org,Vector,4,,Yes - Overpass API,TIER1_BEST_DATASETS.csv
NOR,Norway,Permafrost and Ground Ice Data,NGU / University research groups,SPECIAL DATASETS FOR NORWAY,,Variable (contact researchers),Current,,Research-dependent,Regional models and site-specific,,Regional models and site-specific,3,,No,TIER1_BEST_DATASETS.csv
NOR,Norway,Planet Labs,Planet Labs,SATELLITE IMAGERY,,Commercial/purchase (some free education/research),2016–present (daily coverage),,Daily global coverage,"Very Good - unique daily revisit capability, lower resolution than competitors",https://www.planet.com,"Very Good - unique daily revisit capability, lower resolution than competitors",3,,Yes - Planet API,TIER1_BEST_DATASETS.csv
NOR,Norway,Quick Clay (Kvikkleire) Maps,NGU / NVE,SPECIAL DATASETS FOR NORWAY,,Open/Free via NVE Atlas,Current,,Ongoing mapping,Variable scales (municipal to site-specific),https://www.ngu.no,Variable scales (municipal to site-specific),5,,Via map services,TIER1_BEST_DATASETS.csv
NOR,Norway,Ramsar Sites,Miljødirektoratet,PROTECTED AREAS / ENVIRONMENTAL,,Open/Free,Current,,As designated,Polygon boundaries,https://kartkatalog.miljodirektoratet.no,Polygon boundaries,5,,Via Geonorge,TIER1_BEST_DATASETS.csv
NOR,Norway,Reindeer Husbandry Areas,Reindrift/agricultural authorities,SPECIAL DATASETS FOR NORWAY,,Open via Geonorge,Current,,As agreements change,Administrative boundaries,https://www.geonorge.no,Administrative boundaries,4,,Via Geonorge services,TIER1_BEST_DATASETS.csv
NOR,Norway,Seismic Hazard Data,NORSAR / NGU,SPECIAL DATASETS FOR NORWAY,,Open (general maps) / Restricted (detailed),Current seismic model,,Periodic updates,Regional hazard zones,https://www.norsar.no,Regional hazard zones,4,,No,TIER1_BEST_DATASETS.csv
NOR,Norway,Sentinel-2,European Space Agency / Copernicus Programme,SATELLITE IMAGERY,,"Yes - Copernicus Open Access Hub, Google Earth Engine","Excellent - free multispectral imagery, high temporal frequency, suitable for vegetation/land cover analysis, Norway has dedicated Copernicus Glaci",,5-day revisit (2 satellites),"10m (visible/NIR), 20m (red-edge/SWIR), 60m (atmospheric)",https://scihub.copernicus.eu,"10m (visible/NIR), 20m (red-edge/SWIR), 60m (atmospheric)",3,,,TIER1_BEST_DATASETS.csv
NOR,Norway,THREDDS Data Server,MET Norway,CLIMATE / WEATHER,,Open/Free,Various,,Regular,"Gridded atmospheric, ocean, wave data",https://thredds.met.no,"Gridded atmospheric, ocean, wave data",5,,"Yes - OPeNDAP, NetCDF format",TIER1_BEST_DATASETS.csv
NOR,Norway,Unstable Rock Slope Database,NGU,SPECIAL DATASETS FOR NORWAY,,Open/Free,Current,,Ongoing monitoring,Site-specific polygons and monitoring data,https://www.ngu.no,Site-specific polygons and monitoring data,5,,Map services,TIER1_BEST_DATASETS.csv
NOR,Norway,Vann-Nett,Miljødirektoratet / NVE,HYDROLOGY / WATER,,Open/Free,Current,,Regular updates for WFD compliance,Waterbody polygons and networks,https://www.miljodirektoratet.no,Waterbody polygons and networks,4,,Via Geonorge services,TIER1_BEST_DATASETS.csv
NOR,Norway,World Database on Protected Areas,"Very Good - global standard, includes Norwegian data but national sources are more current[25]",PROTECTED AREAS / ENVIRONMENTAL,,Open/Free,Current,,Monthly,Polygon boundaries,https://www.protectedplanet.net,Polygon boundaries,4,,Yes,TIER1_BEST_DATASETS.csv
NOR,Norway,WorldClim,WorldClim.org,CLIMATE / WEATHER,,Open/Free,"1970–2000 baseline, future projections available",,Static climatologies,1 km (30 arc-seconds),https://www.worldclim.org,1 km (30 arc-seconds),4,,No - direct download,TIER1_BEST_DATASETS.csv
NOR,Norway,WorldPop,Open/Free (various licenses depending on data source),POPULATION / DEMOGRAPHICS,,,2000–2020 (annual),,"Annual historical, periodic updates",Qualifier: Best Global,https://hub.worldpop.org,,3,,Limited,TIER1_BEST_DATASETS.csv
NZL,New Zealand,LINZ LiDAR DEM,Land Information New Zealand,Raster DTM (1m LiDAR-derived),,Open (CC BY 4.0),2012,Present,Ongoing,Available,https://data.linz.govt.nz/,,,,,COUNTRY_COVERAGE_LONG.csv
OMN,Oman,21st Century Aerospace Technology (21AT) - TripleSat/BJ-3,Competitive high-resolution option; 30cm BJ-3 constellation launched 2021-2022; TripleSat constellation follows same orbit with 33-minute spacing; growing presence in Middle East market; potentially more competitive pricing than US/European providers[60],SATELLITE IMAGERY (COMMERCIAL),,Commercial/Purchase,2021-present (BJ-3); 2015-present (TripleSat),,Regular revisit; tasking available,30cm (BJ-3A/B); 80cm (TripleSat),,30cm (BJ-3A/B); 80cm (TripleSat),3,,,TIER1_BEST_DATASETS.csv
OMN,Oman,Airbus Defence and Space,Airbus Defence and Space,SATELLITE IMAGERY (COMMERCIAL),,Commercial/Purchase,Archive and current tasking,,On-demand tasking,High-quality commercial imagery with 50cm resolution (Pléiades Neo); 70+ Earth observation satellites operated; excellent coverage and rapid tasking capability; competitive with Maxar; strong presence in Middle East; Pléiades constellation provides tri-stereo capability for 3D modeling[61][62],https://www.airbus.com/en/products-services/space/earth-observation,High-quality commercial imagery with 50cm resolution (Pléiades Neo); 70+ Earth observation satellites operated; excellent coverage and rapid tasking capability; competitive with Maxar; strong presence in Middle East; Pléiades constellation provides tri-stereo capability for 3D modeling[61][62],3,,Yes - OneAtlas API,TIER1_BEST_DATASETS.csv
OMN,Oman,ASTER GDEM v3,Lower quality than radar-based DEMs due to optical imaging artifacts; useful as supplementary source in mountainous areas; contains noise and anomalies; not recommended as primary source for pipeline routing[5][4],ELEVATION/TERRAIN (DEM),,Open/Free,2000-2013 (compiled from multiple acquisitions),,Static (v3 released 2019),30m (1 arc-second),https://asterweb.jpl.nasa.gov/gdem.asp,,3,,Yes - via NASA Earthdata API,TIER1_BEST_DATASETS.csv
OMN,Oman,Copernicus DEM GLO-30,Best available global DEM; Digital Surface Model (DSM) from radar data; superior to SRTM and ASTER GDEM for most applications; RMSE typically 2-6m vertical accuracy; void-filled using multiple sources including ASTER GDEM and SRTM[4][5][6][7],ELEVATION/TERRAIN (DEM),,Open/Free,2010-2015 (TanDEM-X mission data),,Static baseline product,30m (GLO-30 / 1 arc-second),https://dataspace.copernicus.eu/explore-data/data-collections/copernicus-contributing-missions/collections-description/COP-DEM,30m (GLO-30 / 1 arc-second),3,,Yes - via Copernicus Data Space Ecosystem API,TIER1_BEST_DATASETS.csv
OMN,Oman,Digital Oil & Gas Map / China Gas Map Pipeline Datasets,"Detailed GIS datasets available for major Oman pipelines (Mina Al Fahal-Sohar, Fahud-Sohar Gas/NGL, Oman Main Oil Line); includes 700+ coordinate turning points, station locations; formats: KMZ, SHP, XLSX; commercial license required; useful for planning but verify against official sources[32][33][30]",INFRASTRUCTURE - PIPELINES,,Commercial/Purchase,Current (specific to purchased pipelines),,Lifetime free updates offered,Coordinate-based with turning points,https://digital-oil-gas-map.com/,Coordinate-based with turning points,3,,No,TIER1_BEST_DATASETS.csv
OMN,Oman,Directorate General of Meteorology,"Directorate General of Meteorology, Ministry of Transport, Communications and Information Technology",CLIMATE / WEATHER,,Some data via open data portal (https://data.gov.om/bixytwb/weather); detailed data may require formal request,Historical records dating to ~1900 (systematic observations); modern network from 1970s,,"Real-time observations, daily records, monthly climatology",Point data from weather stations,https://data.gov.om/,Point data from weather stations,3,,Limited/unknown for detailed data,TIER1_BEST_DATASETS.csv
OMN,Oman,Electricity Transmission Network,Oman Electricity Transmission Company (OETC) / Ministry of Energy and Minerals,"INFRASTRUCTURE - UTILITIES (Power, Telecom)",,"Authoritative data for power transmission lines, substations; requires formal data sharing agreement; critical for pipeline routing to avoid conflicts; not publicly accessible[28][29]",Current operational network,,As infrastructure expands,Engineering-grade precision (not publicly available),https://mem.gov.om,Engineering-grade precision (not publicly available),3,,No,TIER1_BEST_DATASETS.csv
OMN,Oman,Environment Authority (EA) Natural Reserves Database,"Official national authority for protected areas; includes diverse reserve types (nature reserves, national parks, scenic reserves, wetland reserves); 20 reserves covering approximately 2.6% of terrestrial area (7,985 km²) and 0.1% marine (664 km²); authoritative source for regulatory compliance[36][37][38]",PROTECTED AREAS / ENVIRONMENTAL,,"Some data available via open data portal, detailed boundaries may require request",Current (20 nature reserves declared as of latest update),,As new reserves are designated,Polygon boundaries for 20+ protected areas,https://www.ea.gov.om/en/the-authority/authority-mandates/nature-conservation/natural-reserves/,Polygon boundaries for 20+ protected areas,3,,No dedicated API,TIER1_BEST_DATASETS.csv
OMN,Oman,ERA5 Reanalysis,European Centre for Medium-Range Weather Forecasts (ECMWF) / Copernicus Climate Change Service,CLIMATE / WEATHER,,"Fifth-generation ECMWF reanalysis; hourly estimates for large number of climate variables; 137 vertical levels; combines model with global observations; excellent for Oman climate analysis (1950-2023 record available via World Bank Climate Portal); suitable for temperature, precipitation, wind, humidity analysis for pipeline design; daily and monthly aggregates available; superior to previous reanalysis products; accessible through multiple platforms including Google Earth Engine[47][48][49][50][51][52][53]",January 1940 to present (3-month lag),,Monthly updates (extends continuously),31km (0.25° x 0.25°) spatial resolution,https://cds.climate.copernicus.eu/datasets/reanalysis-era5-single-levels,31km (0.25° x 0.25°) spatial resolution,5,,Yes - Climate Data Store (CDS) API,TIER1_BEST_DATASETS.csv
OMN,Oman,ESA WorldCover 2021,European Space Agency (ESA),LAND COVER / LAND USE,,Open/Free,2020 and 2021 annual products,,"Annual (2020, 2021 released; future updates planned)",Highest resolution global land cover (10m); 76.7% overall accuracy for 2021 product; 11 land cover classes; based on Sentinel-1 and Sentinel-2 data; excellent for Oman's arid/semi-arid environments; freely accessible with area statistics tools[9][10][11][12],https://worldcover2021.esa.int/download,Highest resolution global land cover (10m); 76.7% overall accuracy for 2021 product; 11 land cover classes; based on Sentinel-1 and Sentinel-2 data; excellent for Oman's arid/semi-arid environments; freely accessible with area statistics tools[9][10][11][12],3,,"No dedicated API, but downloadable via web interface",TIER1_BEST_DATASETS.csv
OMN,Oman,FAO Harmonized World Soil Database (HWSD v2.0),Compiled from multiple sources spanning several decades,GEOLOGY / SOIL,,Open/Free (registration required),,,Periodic major updates,"Global coverage including Oman; provides soil units, properties, constraints; moderate resolution suitable for regional planning; requires local validation; FAO maintains regional partnerships including MENA Soil Partnership; useful baseline but insufficient for detailed geotechnical analysis[44][45]",https://www.fao.org/soils-portal/data-hub/,"Global coverage including Oman; provides soil units, properties, constraints; moderate resolution suitable for regional planning; requires local validation; FAO maintains regional partnerships including MENA Soil Partnership; useful baseline but insufficient for detailed geotechnical analysis[44][45]",3,,"No, direct download",TIER1_BEST_DATASETS.csv
OMN,Oman,GADM,"Comprehensive coverage for Oman with 3 administrative levels (0=country, 1=governorate, 2=wilayat); widely used global standard; boundaries derived from multiple sources; good quality for Oman but should verify with national sources for legal accuracy; available in multiple formats (shapefile, geopackage, R)[56]",ADMINISTRATIVE BOUNDARIES,,Open/Free (academic use),Current compilation (version 4.1),,Irregular updates,High-resolution vector boundaries,https://gadm.org/,High-resolution vector boundaries,3,,Direct download only,TIER1_BEST_DATASETS.csv
OMN,Oman,Global Energy Monitor - Oil & Gas Infrastructure Tracker,Global database including Oman pipelines; approximate routes suitable for initial planning; not engineering-grade; free but requires verification with authoritative sources[34][35],INFRASTRUCTURE - PIPELINES,,Open/Free,Current and planned projects,,Regular updates,"Variable, approximate routes",https://globalenergymonitor.org/,"Variable, approximate routes",3,,Direct download,TIER1_BEST_DATASETS.csv
OMN,Oman,Global Surface Water Explorer,European Commission Joint Research Centre / Google,HYDROLOGY / WATER,,Open/Free,1984-present,,Annual updates,30m resolution,https://global-surface-water.appspot.com/,30m resolution,5,,Yes - Google Earth Engine,TIER1_BEST_DATASETS.csv
OMN,Oman,Google Dynamic World,Google/World Resources Institute,LAND COVER / LAND USE,,Open/Free,2015-present (near real-time),,Continuous (updated as Sentinel-2 imagery becomes available),Near real-time land cover with probability scores; 10m resolution matching Sentinel-2; 9 land cover classes; useful for monitoring land use changes during pipeline planning,https://www.dynamicworld.app/,Near real-time land cover with probability scores; 10m resolution matching Sentinel-2; 9 land cover classes; useful for monitoring land use changes during pipeline planning,3,,Yes - via Google Earth Engine,TIER1_BEST_DATASETS.csv
OMN,Oman,Hafeet Rail,Oman Rail Company / Etihad Rail,INFRASTRUCTURE - RAILWAYS,,Restricted/proprietary,Under construction (operational timeline TBD),,N/A (under development),Precise engineering-grade alignment data (not publicly available),https://www.hafeetrail.com,Precise engineering-grade alignment data (not publicly available),3,,No,TIER1_BEST_DATASETS.csv
OMN,Oman,HDX/Humanitarian Data Exchange - COD-AB,Common Operational Dataset for Administrative Boundaries; suitable for humanitarian and development applications; sourced from GADM; regularly maintained; good interoperability with humanitarian sector tools[56],ADMINISTRATIVE BOUNDARIES,,Open/Free,Updated 2023,,As needed,Administrative levels 0-2,https://data.humdata.org/dataset/cod-ab-omn,Administrative levels 0-2,3,,HDX API available,TIER1_BEST_DATASETS.csv
OMN,Oman,HERE Technologies,HERE Technologies,INFRASTRUCTURE - ROADS,,Commercial/Purchase (licensing required),Current (continuously updated),,Quarterly to monthly updates,Sub-meter accuracy for major roads,https://www.here.com/,Sub-meter accuracy for major roads,5,,"Yes - HERE Location Services API, HERE Routing API",TIER1_BEST_DATASETS.csv
OMN,Oman,HydroSHEDS / HydroRIVERS,World Wildlife Fund / McGill University,HYDROLOGY / WATER,,Open/Free,Based on SRTM 2000 data,,Static baseline,"Multiple resolutions (3"", 15"", 30"")",https://www.hydrosheds.org/,"Multiple resolutions (3"", 15"", 30"")",3,,Direct download only,TIER1_BEST_DATASETS.csv
OMN,Oman,Kontur Population Dataset,Kontur,POPULATION / DEMOGRAPHICS,,Open/Free,Recent estimates,,Periodic,(via HDX),https://data.humdata.org/,,3,,Population density on OpenStreetMap administrative boundaries; integrates with OSM data; useful for rapid assessment; available with administrative aggregations for Oman[59],TIER1_BEST_DATASETS.csv
OMN,Oman,LandScan Global,Oak Ridge National Laboratory (ORNL),POPULATION / DEMOGRAPHICS,,Free for US government and collaborators; requires registration for others,Annual products (2000-present),,Annual,Ambient population distribution (24-hour average); considers daytime movement patterns; coarser than WorldPop but accounts for population mobility; useful for understanding exposure along pipeline routes; requires registration,https://landscan.ornl.gov/,,3,,No,TIER1_BEST_DATASETS.csv
OMN,Oman,Maxar Technologies,Maxar Technologies,SATELLITE IMAGERY (COMMERCIAL),,Commercial/Purchase (per km² or subscription),Extensive archive from 2000s; current imagery,,On-demand tasking; archive coverage varies,"Highest resolution commercial optical imagery; excellent for detailed pipeline route surveys, identifying obstacles, infrastructure conflicts; 30cm panchromatic, 1.2m multispectral with pansharpening to 30cm; WorldView-3 includes 8-band multispectral and 8-band SWIR; extensive archive for Oman; premium pricing; industry standard for engineering applications[60]",https://www.maxar.com/,"Highest resolution commercial optical imagery; excellent for detailed pipeline route surveys, identifying obstacles, infrastructure conflicts; 30cm panchromatic, 1.2m multispectral with pansharpening to 30cm; WorldView-3 includes 8-band multispectral and 8-band SWIR; extensive archive for Oman; premium pricing; industry standard for engineering applications[60]",3,,"Yes - Maxar Platform API, SecureWatch API",TIER1_BEST_DATASETS.csv
OMN,Oman,Microsoft AI Roads,Microsoft / NextGIS,INFRASTRUCTURE - ROADS,,Open/Free,Current snapshot,,Periodic updates,Extracted from high-resolution satellite imagery,https://data.nextgis.com/en/region/OM/msrd/,Extracted from high-resolution satellite imagery,3,,Direct download,TIER1_BEST_DATASETS.csv
OMN,Oman,Ministry of Agriculture and Fisheries - Soil Survey,Ministry of Agriculture and Fisheries,GEOLOGY / SOIL,,Restricted/requires request,Completed 1990 (UNDP/FAO project),,No recent updates known,"1:100,000 general soil map",,"1:100,000 general soil map",3,,No,TIER1_BEST_DATASETS.csv
OMN,Oman,Ministry of Agriculture and Fisheries Land Use Maps,Ministry of Agriculture and Fisheries (MAF) / Supreme Committee for Town Planning,LAND COVER / LAND USE,,Restricted/requires formal request,Completed 1990 (UNDP/FAO project),,"Unknown, likely outdated","1:100,000 scale general coverage",,"1:100,000 scale general coverage",3,,No,TIER1_BEST_DATASETS.csv
OMN,Oman,Ministry of Defence / Royal Oman Police,"Ministry of Defence, Royal Oman Police",SPECIAL DATASETS FOR OMAN,,Highly restricted; requires government-level coordination,Current operational areas,,As security requirements change,Precise boundaries (classified/restricted),,Precise boundaries (classified/restricted),3,,No,TIER1_BEST_DATASETS.csv
OMN,Oman,Ministry of Energy and Minerals (MEM) - Geological Survey,"Ministry of Energy and Minerals, Directorate of Minerals (formerly Ministry of Petroleum and Minerals)",GEOLOGY / SOIL,,"Comprehensive geological mapping of Oman including ophiolite sequences, sedimentary basins; historical collaboration with USGS in 1970s-1980s; includes detailed mineral deposit maps; systematic coverage at multiple scales; authoritative for geological hazards, rock types, structural geology; essential for geotechnical assessments but requires formal data access request[41][42][43][29]",Historical mapping from 1970s-1990s to present,,Periodic updates for new mapping areas,"1:250,000 and 1:100,000 geological maps",https://mem.gov.om/public/minerals,"1:250,000 and 1:100,000 geological maps",3,,No,TIER1_BEST_DATASETS.csv
OMN,Oman,Ministry of Energy and Minerals - Mineral Concessions,"Oman's unique ophiolite geology (Semail Ophiolite) includes economically significant chromite, copper, nickel laterites; mineral concessions and exploration areas must be avoided or coordinated; geological maps show ophiolite distribution, mineral deposits; important for identifying geotechnical challenges and avoiding resource conflicts[42][29]",SPECIAL DATASETS FOR OMAN,,Concession map publicly viewable; detailed data restricted,Current mining concessions and exploration licenses,,As concessions are granted/updated,Detailed concession boundaries and mineral occurrence maps,https://mem.gov.om/public/minerals,Detailed concession boundaries and mineral occurrence maps,3,,No,TIER1_BEST_DATASETS.csv
OMN,Oman,Ministry of Energy and Minerals Pipeline Registry,"Official registry of oil and gas pipelines; most authoritative source; includes operational pipelines like Oman Main Oil Line, Fahud-Sohar systems; requires formal request; critical for avoiding conflicts with existing infrastructure[29][28]",INFRASTRUCTURE - PIPELINES,,Restricted/requires government authorization,Current operational pipelines,,As infrastructure develops,Engineering-grade precision,https://mem.gov.om,Engineering-grade precision,3,,No,TIER1_BEST_DATASETS.csv
OMN,Oman,Ministry of Heritage and Tourism,Ministry of Heritage and Tourism,SPECIAL DATASETS FOR OMAN,,Restricted; requires formal consultation for development projects,Current inventory,,As sites are documented/registered,Point and polygon data for registered sites,,Point and polygon data for registered sites,3,,No,TIER1_BEST_DATASETS.csv
OMN,Oman,Ministry of Housing - Cadastral Survey,Ministry of Housing,SPECIAL DATASETS FOR OMAN,,Restricted; requires formal request for development projects,Current registered properties,,Continuous as properties are registered,Parcel-level precision,,Parcel-level precision,3,,No,TIER1_BEST_DATASETS.csv
OMN,Oman,Ministry of Water Resources - Hydrological and Hydrogeological Database,"Ministry of Agricultural, Fisheries and Water Resources (formerly Ministry of Water Resources)",HYDROLOGY / WATER,,Restricted/requires formal request,Historical to current,,Ongoing monitoring at gauging stations,Variable by dataset,https://gov.om/en/w/request-hydrogeological-and-hydrological-data,Variable by dataset,3,,No public API,TIER1_BEST_DATASETS.csv
OMN,Oman,National Centre for Statistics and Information (NCSI) - Census Data,National Centre for Statistics and Information,POPULATION / DEMOGRAPHICS,,Published statistics publicly available; detailed spatial data may require request,Census 2010 (baseline); estimates 2020-present,,Decennial census; annual estimates,"Official national census and demographic data; most authoritative for population counts, urban areas, demographic characteristics; administrative unit aggregations; limited spatial resolution but legally definitive population figures[57]",https://www.ncsi.gov.om/,,3,,Limited,TIER1_BEST_DATASETS.csv
OMN,Oman,National Centre for Statistics and Information (NCSI) - Official Boundaries,Official national statistics agency; authoritative source for legal administrative boundaries; hierarchy: Country > Governorate (Muhafazat) > Wilayat; most accurate for regulatory compliance and official reporting; coordinates with NSGIA for spatial accuracy[54],ADMINISTRATIVE BOUNDARIES,,Some data publicly available; detailed boundaries may require request,Current administrative structure,,As administrative changes occur,High-precision digital boundaries,https://www.ncsi.gov.om/,High-precision digital boundaries,3,,Limited,TIER1_BEST_DATASETS.csv
OMN,Oman,National SDI Framework,NSGIA / Government of Oman,SPECIAL DATASETS FOR OMAN,,"Comprehensive framework including ONGD17 datum, OmanCORSNet (47 CORS stations), OmanGeoid vertical datum, standardized procedures; Oman Geospatial Manual provides specifications for all geospatial activities; formal data request process through NSGIA; integration of datasets from various ministries; supports e-services and data sharing between government entities; most reliable path to accessing official government geospatial data[54][1][2]",Current infrastructure,,Ongoing development,Framework for all geospatial data,https://www.nsaomangeoportal.gov.om/en/,Framework for all geospatial data,3,,Limited,TIER1_BEST_DATASETS.csv
OMN,Oman,National Survey and Geospatial Information Authority (NSGIA) Topographic DEMs,National Survey and Geospatial Information Authority (formerly NSA),ELEVATION/TERRAIN (DEM),,Restricted/requires formal written request to NSGIA,Current (established geodetic infrastructure ONGD17 in 2017),,As needed for strategic projects,NSGIA is the sole authority for geospatial data in Oman with complete national coverage; accuracy based on OmanCORSNet (47 CORS stations) achieving cm-level accuracy; includes OmanGeoid vertical datum for accurate orthometric heights[1][2][3],https://www.nsaomangeoportal.gov.om/en/,,3,,No public API,TIER1_BEST_DATASETS.csv
OMN,Oman,National Survey and Geospatial Information Authority Road Network,NSGIA (National Survey and Geospatial Information Authority),INFRASTRUCTURE - ROADS,,Restricted/requires formal request,Current,,Regular updates as part of national mapping program,"1:50,000 and 1:100,000 topographic base with road layers",https://www.nsaomangeoportal.gov.om/en/,"1:50,000 and 1:100,000 topographic base with road layers",3,,No,TIER1_BEST_DATASETS.csv
OMN,Oman,NSGIA Administrative Boundaries,National Survey and Geospatial Information Authority,ADMINISTRATIVE BOUNDARIES,,Restricted/requires formal request,Current (2022 boundaries available),,Regular updates coordinated with NCSI,Survey-grade precision,https://www.nsaomangeoportal.gov.om/en/,Survey-grade precision,5,,No,TIER1_BEST_DATASETS.csv
OMN,Oman,Oman National Hydrographic Office,Royal Navy of Oman - Directorate of Oman National Hydrographic Office,HYDROLOGY / WATER,,Restricted/requires request for non-navigational data,"Current, includes historical archives",,Regular updates via monthly notices to mariners,Multiple scales for coastal/marine areas,,Multiple scales for coastal/marine areas,3,,No,TIER1_BEST_DATASETS.csv
OMN,Oman,Oman National Spatial Data Infrastructure,,SPECIAL DATASETS FOR OMAN,,,,,,Qualifier: ONSDI,,,3,,,TIER1_BEST_DATASETS.csv
OMN,Oman,OneGeology Portal,International geological survey collaboration,GEOLOGY / SOIL,,Portal for accessing global geological map data; coverage and detail for Oman depends on national contribution; provides framework for discovering geological datasets; useful for regional context,Variable,,As national surveys contribute,Variable by contributing survey,http://www.onegeology.org/,Variable by contributing survey,3,,Yes - WMS/WFS services,TIER1_BEST_DATASETS.csv
OMN,Oman,OpenInfraMap / OpenStreetMap Utilities,Incomplete coverage for Oman; major power lines may be partially mapped; useful as supplementary source but requires field verification; not reliable as primary source for critical infrastructure,"INFRASTRUCTURE - UTILITIES (Power, Telecom)",,Open/Free,Current (patchy coverage),,Continuous community updates,"Variable, generally <10m where mapped",https://openinframap.org/,"Variable, generally <10m where mapped",3,,Yes - Overpass API,TIER1_BEST_DATASETS.csv
OMN,Oman,OpenStreetMap Oman Roads,OpenStreetMap Foundation / HOT (Humanitarian OpenStreetMap Team),INFRASTRUCTURE - ROADS,,Open/Free (ODbL license),Current (continuously updated by community),,Continuous (daily exports available),Variable (typically <10m for major roads),https://www.openstreetmap.org/,Variable (typically <10m for major roads),4,,"Yes - Overpass API, multiple export formats",TIER1_BEST_DATASETS.csv
OMN,Oman,OpenStreetMap Pipelines,Very incomplete coverage for Oman pipelines; should not be relied upon as primary source; useful only for general awareness; requires comprehensive field verification,INFRASTRUCTURE - PIPELINES,,Open/Free,Current (very incomplete),,Community updates,Variable where mapped,https://www.openstreetmap.org/,Variable where mapped,3,,Yes - Overpass API,TIER1_BEST_DATASETS.csv
OMN,Oman,OpenStreetMap Railways - Oman,OpenStreetMap Foundation / OpenRailwayMap project,INFRASTRUCTURE - RAILWAYS,,Open/Free (ODbL license),Current (limited coverage due to minimal existing rail),,Continuous community updates,Variable,https://www.openrailwaymap.org/,Variable,3,,Yes - Overpass API,TIER1_BEST_DATASETS.csv
OMN,Oman,Petroleum Development Oman (PDO) Pipeline GIS Data,Petroleum Development Oman (PDO),INFRASTRUCTURE - PIPELINES,,"PDO operates major pipeline systems including Oman Main Oil Line, crude oil systems connecting to Mina Al Fahal export terminal; highest quality data but extremely restricted access; typically requires partnership or contractual agreements[30][31]",Current PDO-operated infrastructure,,Continuous operational updates,Engineering-grade with precise coordinates,,Engineering-grade with precise coordinates,5,,No,TIER1_BEST_DATASETS.csv
OMN,Oman,Planet Labs,Planet Labs,SATELLITE IMAGERY (COMMERCIAL),,Commercial/Subscription or purchase,Daily global coverage (PlanetScope); SkySat archive and tasking,,Daily (PlanetScope); frequent revisit (SkySat),Unique daily imaging capability with PlanetScope constellation (180+ satellites); 3-5m resolution suitable for monitoring and change detection; SkySat provides 50cm resolution for detailed surveys; excellent for temporal analysis and monitoring during construction; more affordable than Maxar/Airbus for monitoring applications,https://www.planet.com/,Unique daily imaging capability with PlanetScope constellation (180+ satellites); 3-5m resolution suitable for monitoring and change detection; SkySat provides 50cm resolution for detailed surveys; excellent for temporal analysis and monitoring during construction; more affordable than Maxar/Airbus for monitoring applications,3,,Yes - Planet API,TIER1_BEST_DATASETS.csv
OMN,Oman,Sentinel-2,European Space Agency / Copernicus Programme,SATELLITE IMAGERY (COMMERCIAL),,Open/Free,2015-present,,5-day revisit (2-satellite constellation); cloud-free composites vary,"Excellent free baseline imagery; 13 spectral bands; 10m resolution suitable for detailed mapping; 5-day revisit ideal for monitoring; multispectral capabilities support land cover classification, vegetation monitoring; Level-2A atmospherically corrected products available; complete coverage of Oman; industry standard for free satellite data[13]",https://dataspace.copernicus.eu/,"Excellent free baseline imagery; 13 spectral bands; 10m resolution suitable for detailed mapping; 5-day revisit ideal for monitoring; multispectral capabilities support land cover classification, vegetation monitoring; Level-2A atmospherically corrected products available; complete coverage of Oman; industry standard for free satellite data[13]",3,,"Yes - Copernicus Data Space Ecosystem, Google Earth Engine, AWS",TIER1_BEST_DATASETS.csv
OMN,Oman,Sentinel-2 Land Cover Classification,ESA Copernicus Programme,LAND COVER / LAND USE,,Open/Free,2015-present,,5-day revisit time (2 satellite constellation),Raw multispectral imagery (13 bands) allowing custom classification; 10m resolution for visible/NIR bands; excellent for detailed land cover mapping in Oman; requires processing but provides most current data[13],https://dataspace.copernicus.eu/,Raw multispectral imagery (13 bands) allowing custom classification; 10m resolution for visible/NIR bands; excellent for detailed land cover mapping in Oman; requires processing but provides most current data[13],3,,"Yes - Copernicus Data Space Ecosystem API, Google Earth Engine",TIER1_BEST_DATASETS.csv
OMN,Oman,Site-Specific Seismic Studies,Various geotechnical consultants / research institutions,SPECIAL DATASETS FOR OMAN,,Restricted/project-specific,Project-specific,,Per project,Site-specific for major developments,,Site-specific for major developments,3,,No,TIER1_BEST_DATASETS.csv
OMN,Oman,SRTM v3.0 (30m),NASA/USGS,ELEVATION/TERRAIN (DEM),,Open/Free,February 2000 (single mission),,Static (no updates),Good baseline accuracy (~6-9m RMSE); radar-based; voids filled in v3.0; reliable for Oman's terrain but lower quality than Copernicus DEM[8][4],https://earthexplorer.usgs.gov/,,4,,Yes - via USGS Earth Explorer API and Google Earth Engine,TIER1_BEST_DATASETS.csv
OMN,Oman,Sultan Qaboos University - Earthquake Monitoring Center,"Comprehensive seismic hazard assessment for Oman; 26 seismic source zones identified (Oman Mountains, Oman Sea, Zagros, Makran); PSHA studies completed for major economic zones (Duqm); PGA maps available; critical for pipeline design in seismically active areas; site-specific studies conducted for major developments; incorporates historical and instrumental seismicity; Makran and Zagros zones significant contributors to hazard[63][64][65][66]",SPECIAL DATASETS FOR OMAN,,Published research accessible; detailed data requires academic collaboration,Historical earthquakes from 734 CE; instrumental record ~15 years; hazard maps for return periods 475/2475 years,,Research updates; monitoring network continuous,Contact Sultan Qaboos University,,,3,,No,TIER1_BEST_DATASETS.csv
OMN,Oman,TomTom Maps,TomTom,INFRASTRUCTURE - ROADS,,Commercial/Purchase,Current (continuously updated),,Monthly updates,Sub-meter accuracy,https://www.tomtom.com/products/maps/,Sub-meter accuracy,3,,Yes - TomTom Maps API,TIER1_BEST_DATASETS.csv
OMN,Oman,Wadi Monitoring Network,Ministry of Water Resources / Ministry of Environment,SPECIAL DATASETS FOR OMAN,,Restricted; requires formal request,Historical flood records; real-time monitoring at key wadis,,Real-time during events; historical analysis periodic,Gauging station network,,Gauging station network,2,,No,TIER1_BEST_DATASETS.csv
OMN,Oman,World Database on Protected Areas,UN Environment Programme World Conservation Monitoring Centre (UNEP-WCMC),PROTECTED AREAS / ENVIRONMENTAL,,Open/Free,Current (July 2024 update included complete Oman update),,Monthly releases,Polygon and point data,https://www.protectedplanet.net/country/OMN,Polygon and point data,5,,Yes - ProtectedPlanet API,TIER1_BEST_DATASETS.csv
OMN,Oman,WorldClim v2.1,WorldClim / University of California,CLIMATE / WEATHER,,Open/Free,Historical climate averages (1970-2000) and future projections,,Periodic updates with new climatology periods,"High-resolution interpolated climate surfaces; includes temperature (min/max/mean), precipitation, solar radiation, wind, water vapor; monthly averages useful for long-term climatology; widely used in climate modeling; good baseline for Oman but ERA5 provides more detailed temporal coverage",https://www.worldclim.org/,"High-resolution interpolated climate surfaces; includes temperature (min/max/mean), precipitation, solar radiation, wind, water vapor; monthly averages useful for long-term climatology; widely used in climate modeling; good baseline for Oman but ERA5 provides more detailed temporal coverage",3,,Direct download only,TIER1_BEST_DATASETS.csv
OMN,Oman,WorldPop,University of Southampton / WorldPop Project,POPULATION / DEMOGRAPHICS,,Open/Free,2000-present (annual estimates),,Annual updates,"High-resolution gridded population estimates for Oman; uses census data, satellite imagery, and geospatial covariates with random forest modeling; 100m grid provides excellent spatial detail; includes age/sex structure datasets; metadata indicates census 2010 used for calibration; excellent for identifying populated areas to avoid in pipeline routing; more spatially detailed than census aggregations[58]",https://www.worldpop.org/,,3,,Direct download; some WMS services,TIER1_BEST_DATASETS.csv
QAT,Qatar,Copernicus DEM GLO-30,European Space Agency (ESA) / Copernicus Programme,ELEVATION/TERRAIN (DEM),,Open/free,2010-2015 (TanDEM-X Mission data),,Static product with periodic updates (2023_1 version available),30m (GLO-30 / 1 arc-second),https://dataspace.copernicus.eu/explore-data/data-collections/copernicus-contributing-missions/collections-description/COP-DEM,30m (GLO-30 / 1 arc-second),5,,"Yes - Google Earth Engine API, Copernicus Data Space API",TIER1_BEST_DATASETS.csv
QAT,Qatar,Copernicus DEM GLO-90,European Space Agency (ESA),ELEVATION/TERRAIN (DEM),,Open/free,2010-2015,,Static,90m (GLO-90 / 3 arc-seconds),,90m (GLO-90 / 3 arc-seconds),2,,Yes - same as GLO-30,TIER1_BEST_DATASETS.csv
QAT,Qatar,Database of Global Administrative Areas - Qatar,GADM Project,ADMINISTRATIVE BOUNDARIES,,Open/free (academic use),Current,,Periodic updates,Vector polygons (3 administrative levels),https://gadm.org/download_country.html,Vector polygons (3 administrative levels),4,,Direct download,TIER1_BEST_DATASETS.csv
QAT,Qatar,ERA5 Global Climate Reanalysis,European Centre for Medium-Range Weather Forecasts (ECMWF) / Copernicus Climate Change Service,CLIMATE / WEATHER,,Open/free (registration required),1940-present,,Continuous (3-month lag),~30km resolution (0.25° x 0.25°),https://cds.climate.copernicus.eu,~30km resolution (0.25° x 0.25°),5,,Yes - CDS API,TIER1_BEST_DATASETS.csv
QAT,Qatar,ESA WorldCover 10m v200,European Space Agency (ESA) - VITO Remote Sensing consortium,LAND COVER / LAND USE,,Open/free (Creative Commons Attribution 4.0),"2021 (v200), 2020 (v100 also available)",,Annual updates,10m resolution,https://worldcover2021.esa.int,10m resolution,5,,Yes - Google Earth Engine API,TIER1_BEST_DATASETS.csv
QAT,Qatar,HWSD v1.2,FAO / IIASA,GEOLOGY / SOIL,,Open/free,Composite from various sources,,Periodic major revisions,1km resolution (30 arc-seconds),https://www.fao.org/soils-portal/,1km resolution (30 arc-seconds),3,,Direct download,TIER1_BEST_DATASETS.csv
QAT,Qatar,Hydrological data and maps based on Shuttle Elevation Derivatives at multiple Scales,USGS / Conservation International / WWF,HYDROLOGY / WATER,,Open/free,Derived from SRTM (2000),,HydroSHEDS v2 in development using TanDEM-X,3 arc-seconds (~90m),https://www.hydrosheds.org,3 arc-seconds (~90m),2,,"Direct download, some integration with Earth Engine",TIER1_BEST_DATASETS.csv
QAT,Qatar,JRC Global Surface Water Mapping,European Commission Joint Research Centre,HYDROLOGY / WATER,,Open/free,1984-present (38+ years),,Annual updates,30m resolution,http://global-surface-water.appspot.com,30m resolution,3,,Yes - Google Earth Engine API,TIER1_BEST_DATASETS.csv
QAT,Qatar,LandScan Global Population Database,Oak Ridge National Laboratory (ORNL),POPULATION / DEMOGRAPHICS,,Restricted/requires registration and approval,Annual datasets (2000-present),,Annual,Ambient population distribution (24-hour average). Higher spatial resolution modeling than census data alone. Requires registration for access but widely used for infrastructure risk assessment.,https://landscan.ornl.gov,,3,,No,TIER1_BEST_DATASETS.csv
QAT,Qatar,OneGeology Qatar Coverage,OneGeology Global Consortium,GEOLOGY / SOIL,,Open/free,Varies by contribution,,As national surveys contribute,"1:1,000,000 to 1:5,000,000",http://www.onegeology.org,"1:1,000,000 to 1:5,000,000",3,,Yes - WMS services,TIER1_BEST_DATASETS.csv
QAT,Qatar,OpenStreetMap Qatar Road Network,OpenStreetMap Community,INFRASTRUCTURE - ROADS,,Open/free (ODbL license),Current (continuously updated),,Real-time community updates,Variable quality,https://www.openstreetmap.org,Variable quality,4,,Yes - Overpass API,TIER1_BEST_DATASETS.csv
QAT,Qatar,OSM Qatar Pipeline Infrastructure,OpenStreetMap Community,INFRASTRUCTURE - PIPELINES,,Open/free,Current,,Minimal,Very limited,https://www.openstreetmap.org,Very limited,3,,Yes - Overpass API,TIER1_BEST_DATASETS.csv
QAT,Qatar,OSM Qatar Rail Infrastructure,OpenStreetMap Community,INFRASTRUCTURE - RAILWAYS,,Open/free,Current,,Community-driven,Variable,https://www.openstreetmap.org,Variable,3,,Yes - Overpass API,TIER1_BEST_DATASETS.csv
QAT,Qatar,OSM Qatar Utilities,OpenStreetMap Community,"INFRASTRUCTURE - UTILITIES (Power, Telecom)",,Open/free,Current,,Community-driven,"Variable, often incomplete",https://openinframap.org,"Variable, often incomplete",3,,Yes - Overpass API,TIER1_BEST_DATASETS.csv
QAT,Qatar,"Pléiades Neo, Pléiades, SPOT 6/7",Airbus Defence and Space,SATELLITE IMAGERY (COMMERCIAL & FREE),,Commercial/purchase,Extensive archive + 1-day revisit (Pléiades Neo constellation),,On-demand tasking,30cm (Pléiades Neo) to 1.5m (SPOT),https://space-solutions.airbus.com,30cm (Pléiades Neo) to 1.5m (SPOT),5,,Yes - OneAtlas platform with API access,TIER1_BEST_DATASETS.csv
QAT,Qatar,Qatar Administrative Boundaries,Planning and Statistics Authority (PSA),ADMINISTRATIVE BOUNDARIES,,Open/free via data.gov.qa and HDX,2015-2025,,As administrative changes occur,"Vector polygons (3 levels: 8 municipalities, 91 zones, 781 districts)",https://gis.psa.gov.qa/QatarAtlas/,"Vector polygons (3 levels: 8 municipalities, 91 zones, 781 districts)",3,,Yes - data.gov.qa API (OpenDataSoft v2.1),TIER1_BEST_DATASETS.csv
QAT,Qatar,Qatar Census 2020 Results with Spatial Data,Planning and Statistics Authority (PSA),POPULATION / DEMOGRAPHICS,,Open/free via Qatar Atlas and data.gov.qa,"Census years (2010, 2015, 2020)",,Decennial census with interim estimates,"Official census data with comprehensive demographic statistics. Qatar Atlas provides interactive mapping and analysis tools. Population density, age composition, nationality breakdowns available at fine spatial resolution. Essential for assessing population exposure along pipeline corridors.[54][55][13][51]",https://gis.psa.gov.qa/QatarAtlas/,,3,,Yes - data.gov.qa API,TIER1_BEST_DATASETS.csv
QAT,Qatar,Qatar Climate and Weather Database,Qatar Meteorology Department (Civil Aviation Authority),CLIMATE / WEATHER,,"Limited public access, requires request for detailed data",Historical archive to current,,"Real-time observations, historical archives",Station-based observations,https://www.qweather.gov.qa/,Station-based observations,3,,No public API (Q Weather mobile app available),TIER1_BEST_DATASETS.csv
QAT,Qatar,Qatar Coastal Zone and Marine Environment Data,Ministry of Environment and Climate Change / Ministry of Municipality,SPECIAL DATASETS FOR QATAR,,Restricted/requires request,Current,,Periodic surveys,"Varies (bathymetric surveys, marine habitat mapping)",,"Varies (bathymetric surveys, marine habitat mapping)",3,,No,TIER1_BEST_DATASETS.csv
QAT,Qatar,Qatar Electricity Transmission Network,Kahramaa (Qatar General Electricity & Water Corporation),"INFRASTRUCTURE - UTILITIES (Power, Telecom)",,Restricted/requires formal request,Current,,Continuous as infrastructure develops,Engineering-grade,,Engineering-grade,3,,No,TIER1_BEST_DATASETS.csv
QAT,Qatar,Qatar Geological Maps and Databases,Ministry of Municipality (geological survey functions),GEOLOGY / SOIL,,Restricted/requires request,Historical to current,,Periodic,Various scales,,Various scales,3,,No,TIER1_BEST_DATASETS.csv
QAT,Qatar,Qatar Groundwater and Water Resources Database,Ministry of Municipality / Kahramaa (Qatar Water & Electricity Corp),HYDROLOGY / WATER,,Restricted/government agencies only,Current (monitoring ongoing),,Continuous monitoring,Well locations and aquifer mapping,,Well locations and aquifer mapping,3,,No,TIER1_BEST_DATASETS.csv
QAT,Qatar,Qatar Land Registry and Cadastral Database,Ministry of Justice / Ministry of Municipality,SPECIAL DATASETS FOR QATAR,,Restricted/requires official request,Current,,Continuous as land transactions recorded,Parcel-level cadastral data,,Parcel-level cadastral data,3,,No,TIER1_BEST_DATASETS.csv
QAT,Qatar,Qatar Museums and Heritage Sites Database,Qatar Museums / Ministry of Culture,SPECIAL DATASETS FOR QATAR,,Restricted/requires request,Current,,As sites identified/registered,Point and polygon locations,,Point and polygon locations,3,,No,TIER1_BEST_DATASETS.csv
QAT,Qatar,Qatar National DEM from Aerial LiDAR,Center for GIS (CGIS) - Ministry of Municipality,ELEVATION/TERRAIN (DEM),,Restricted/requires formal request from government agencies,2022 (aerial survey completed March-April 2022),,Periodic aerial surveys (system operational since 2022),High quality - generated from manned aircraft LiDAR surveys with 20cm aerial photography accuracy. CGIS operates a dual-engine aircraft with specialized remote sensing equipment. The DEM covers entire Qatar including Halul Island.[1][2][3][4],https://www.gisqatar.org.qa/en/,,4,,No public API,TIER1_BEST_DATASETS.csv
QAT,Qatar,Qatar Oil & Gas Infrastructure Registry,Ministry of Municipality / Ministry of Energy,INFRASTRUCTURE - PIPELINES,,Restricted/government and authorized operators only,Current,,As-built submissions required,Varies,,Varies,3,,No,TIER1_BEST_DATASETS.csv
QAT,Qatar,Qatar Prohibited and Restricted Areas,Qatar Armed Forces / Ministry of Interior,SPECIAL DATASETS FOR QATAR,,Highly restricted/government coordination required,Current,,As security requirements change,Defined boundaries,,Defined boundaries,3,,No,TIER1_BEST_DATASETS.csv
QAT,Qatar,Qatar Protected Areas and Nature Reserves,Ministry of Environment and Climate Change (MECC) - Office for State Protected Areas,PROTECTED AREAS / ENVIRONMENTAL,,"Restricted/requires request, some data via MECC",Current,,As new areas designated,Polygon boundaries for protected areas,https://www.mecc.gov.qa/,Polygon boundaries for protected areas,3,,No,TIER1_BEST_DATASETS.csv
QAT,Qatar,Qatar Rail / Metro / Tram Systems,Qatar Rail Company / Ashghal,INFRASTRUCTURE - RAILWAYS,,Restricted/requires request,Current (Doha Metro operational since 2019),,As-built updates,Engineering-grade precision,,Engineering-grade precision,3,,No,TIER1_BEST_DATASETS.csv
QAT,Qatar,Qatar Road Network Database,Ashghal (Public Works Authority),INFRASTRUCTURE - ROADS,,Restricted/requires formal request,"Current (covers 14,500 lane-km network)",,Continuous updates,High resolution carriageway centerline representation,https://www.ashghal.gov.qa/en/,High resolution carriageway centerline representation,3,,No public API,TIER1_BEST_DATASETS.csv
QAT,Qatar,Qatar Seismic Hazard Assessment,"Regional seismic networks, geological surveys",SPECIAL DATASETS FOR QATAR,,Limited public access,Historical seismicity data,,Ongoing monitoring,Regional assessment,,Regional assessment,2,,No,TIER1_BEST_DATASETS.csv
QAT,Qatar,Qatar Topographic Database,Center for GIS (CGIS) - Ministry of Municipality,LAND COVER / LAND USE,,Restricted/requires request,Current (updated July 2022),,Regular updates through aerial surveys,High resolution (derived from 20cm aerial imagery),https://www.gisqatar.org.qa/en/,High resolution (derived from 20cm aerial imagery),5,,No public API,TIER1_BEST_DATASETS.csv
QAT,Qatar,Qatar Underground Utilities Database,Ashghal / Kahramaa / Ooredoo (telecom),SPECIAL DATASETS FOR QATAR,,Restricted/requires utility coordination,Current,,Continuous as-built submissions,Engineering-grade as-built data,,Engineering-grade as-built data,3,,No,TIER1_BEST_DATASETS.csv
QAT,Qatar,QatarEnergy Pipeline Integrity Management System,QatarEnergy (formerly Qatar Petroleum),INFRASTRUCTURE - PIPELINES,,Highly restricted/internal only,Current (historical data since operations began),,Real-time integrity monitoring,Engineering-grade GIS with CGIS-QNG95 coordinate system,,Engineering-grade GIS with CGIS-QNG95 coordinate system,2,,No external access,TIER1_BEST_DATASETS.csv
QAT,Qatar,Road Infrastructure Components,Planning and Statistics Authority / data.gov.qa,INFRASTRUCTURE - ROADS,,Open/free,Annual statistics,,Annual,Statistical aggregations,https://www.data.gov.qa/explore/,Statistical aggregations,3,,Yes - OpenDataSoft API (v2.1),TIER1_BEST_DATASETS.csv
QAT,Qatar,Sentinel-2,,SATELLITE IMAGERY (COMMERCIAL & FREE),,,,,,Qualifier: Free Baseline,,,3,,,TIER1_BEST_DATASETS.csv
QAT,Qatar,Sentinel-2 MSI Level-2A,European Space Agency / Copernicus Programme,SATELLITE IMAGERY (COMMERCIAL & FREE),,Open/free,2015-present,,5-day revisit (2 satellites),"10m (visible bands), 20m (red edge/SWIR), 60m (atmospheric)",https://dataspace.copernicus.eu,"10m (visible bands), 20m (red edge/SWIR), 60m (atmospheric)",5,,"Yes - Copernicus Data Space API, Google Earth Engine, AWS",TIER1_BEST_DATASETS.csv
QAT,Qatar,SkySat (high-res) and PlanetScope,Planet Labs,SATELLITE IMAGERY (COMMERCIAL & FREE),,Commercial/subscription or purchase,"Daily global coverage (PlanetScope), SkySat on-demand",,Daily,"SkySat: 50cm, PlanetScope: 3-5m",https://www.planet.com,"SkySat: 50cm, PlanetScope: 3-5m",4,,Yes - Planet API,TIER1_BEST_DATASETS.csv
QAT,Qatar,WDPA Qatar Coverage,UNEP-WCMC / IUCN,PROTECTED AREAS / ENVIRONMENTAL,,Open/free (registered users),Updated September 2024,,Monthly updates,Vector polygons,https://www.protectedplanet.net/country/QAT,Vector polygons,4,,Yes - Protected Planet API,TIER1_BEST_DATASETS.csv
QAT,Qatar,World Database on Protected Areas,,PROTECTED AREAS / ENVIRONMENTAL,,,,,,Qualifier: WDPA,,,3,,,TIER1_BEST_DATASETS.csv
QAT,Qatar,WorldClim Global Climate Data,WorldClim Project,CLIMATE / WEATHER,,Open/free,"1970-2000 baseline, future scenarios available",,Periodic major updates,30 arc-seconds (~1km) to 10 arc-minutes,https://www.worldclim.org,30 arc-seconds (~1km) to 10 arc-minutes,4,,"Direct download, some integration with R packages",TIER1_BEST_DATASETS.csv
QAT,Qatar,WorldPop Qatar Population Density,WorldPop Project / University of Southampton,POPULATION / DEMOGRAPHICS,,Open/free (Creative Commons),2000-2020 annual datasets,,"Annual (historical), periodic updates",High-resolution gridded population estimates. Provides continuous surface rather than administrative unit aggregations. Useful for pipeline route analysis to minimize population exposure. UN-adjusted versions available. ~1km density datasets also available.[56][57][58][59][54],https://hub.worldpop.org/,,3,,Direct download from WorldPop hub,TIER1_BEST_DATASETS.csv
QAT,Qatar,"WorldView Legion, WorldView-3, WorldView-2, GeoEye-1",Maxar Technologies,SATELLITE IMAGERY (COMMERCIAL & FREE),,Commercial/purchase (varies by license type),Extensive archive + daily revisit capability,,On-demand tasking or archive access,"30cm (0.3m) to 50cm panchromatic, 1.2-2m multispectral",https://www.maxar.com,"30cm (0.3m) to 50cm panchromatic, 1.2-2m multispectral",5,,"Yes - Maxar platforms, SecureWatch, MGP Pro subscription",TIER1_BEST_DATASETS.csv
RUS,Russian Federation,Airbus Defence and Space,Airbus Defence and Space[65][61][62],SATELLITE IMAGERY,,Commercial purchase/license[64][62],Historical archive + tasking[65][62],,On-demand tasking[62][65],Excellent quality comparable to Maxar; Pléiades constellation provides 50cm resolution; commercial licensing required[61][62][65],https://www.intelligence-airbusds.com,Excellent quality comparable to Maxar; Pléiades constellation provides 50cm resolution; commercial licensing required[61][62][65],3,,Yes - OneAtlas API[65],TIER1_BEST_DATASETS.csv
RUS,Russian Federation,Archaeological Sites Registry,Russian Ministry of Culture / regional heritage agencies,SPECIAL DATASETS FOR RUSSIA,,Important for cultural heritage protection; required for environmental impact assessments; accessibility varies by region,Current registry,,Ongoing registrations,Point and polygon features,,Point and polygon features,3,,No,TIER1_BEST_DATASETS.csv
RUS,Russian Federation,ASTER GDEM,USGS / Japan METI[8],ELEVATION/TERRAIN (DEM),,Open/free[8],2000-2013[8],,Static (version 3 released)[8],Generally less accurate than Copernicus DEM and SRTM for Russia; useful as supplementary data[10],https://appeears.earthdatacloud.nasa.gov/,,3,,Yes - through AppEEARS[8],TIER1_BEST_DATASETS.csv
RUS,Russian Federation,Copernicus DEM,Superior accuracy to SRTM (RMSE 2.19-5.72m vs 3.95-6.10m for SRTM); more consistent globally with virtually seamless source[6][7][5],ELEVATION/TERRAIN (DEM),,Open/free[4],Based on 2011-2015 data[4],,Static baseline[4],Qualifier: Recommended,https://dataspace.copernicus.eu/,,3,,Yes - available through Copernicus Data Space Ecosystem[4],TIER1_BEST_DATASETS.csv
RUS,Russian Federation,ERA5 Climate Reanalysis,European Centre for Medium-Range Weather Forecasts (ECMWF)[48][49][47],CLIMATE / WEATHER,,Open/free[47][48],1940-present[48][49],,Continuous updates (5-day lag)[49][48],0.25° × 0.25° (~25-31km)[49][47],,0.25° × 0.25° (~25-31km)[49][47],3,,Yes - Climate Data Store API[48],TIER1_BEST_DATASETS.csv
RUS,Russian Federation,ESA WorldCover,European Space Agency WorldCover Consortium[13][14],LAND COVER / LAND USE,,Open/free (CC-BY-4.0)[13][14],2020 and 2021 products available[15][13],,Annual updates planned[14],Excellent resolution and accuracy; 11 distinct land cover classes based on Sentinel-1 and Sentinel-2[13][14],https://esa-worldcover.org,Excellent resolution and accuracy; 11 distinct land cover classes based on Sentinel-1 and Sentinel-2[13][14],3,,Yes - Google Earth Engine[16][13],TIER1_BEST_DATASETS.csv
RUS,Russian Federation,FAO Harmonized World Soil Database (HWSD v2.0),"Good baseline for Russia but lower detail than national sources; includes soil morphology, chemistry, and physical characteristics[44]",GEOLOGY / SOIL,,Open/free[44],Global compilation (updated 2023)[44],,Periodic major versions[44],1km (30 arc-second) global grid[44],https://www.fao.org/soils-portal/data-hub/,1km (30 arc-second) global grid[44],4,,No direct API; downloadable datasets[44],TIER1_BEST_DATASETS.csv
RUS,Russian Federation,GADM,University of California Berkeley[53][54][55],ADMINISTRATIVE BOUNDARIES,,Open/free for non-commercial use[53],Current (updated 2022)[53],,Periodic updates[53],Administrative levels 0-2 for Russia[55][53],https://gadm.org,Administrative levels 0-2 for Russia[55][53],4,,No - downloadable shapefiles/geodatabases[53],TIER1_BEST_DATASETS.csv
RUS,Russian Federation,Gazprom Pipeline GIS Data,Gazprom (Russia's state gas company)[31][32],INFRASTRUCTURE - PIPELINES,,Highest quality for gas pipelines but extremely difficult to access; considered confidential infrastructure data[30],Current operational network[32][31],,Operational updates[31],High precision operational data[31],,High precision operational data[31],5,,,TIER1_BEST_DATASETS.csv
RUS,Russian Federation,Global Energy Monitor Russia Pipelines,Global Energy Monitor[33][30],INFRASTRUCTURE - PIPELINES,,Open/free (in WKT format)[30],Existing and proposed pipelines[33],,Periodic project updates[30],Country-scale mapping[33][30],https://globalenergymonitor.org,Country-scale mapping[33][30],4,,No[30],TIER1_BEST_DATASETS.csv
RUS,Russian Federation,Global Surface Water Explorer,European Commission Joint Research Centre[26],HYDROLOGY / WATER,,Open/free[26],1984-present[26],,Annual updates[26],30m resolution[26],https://global-surface-water.appspot.com,30m resolution[26],5,,Yes - Google Earth Engine,TIER1_BEST_DATASETS.csv
RUS,Russian Federation,Google Dynamic World,Google / World Resources Institute[17][18],LAND COVER / LAND USE,,Open/free[18][17],2015-present (near real-time)[17],,Every 2-5 days[19][17],10m resolution[18][17],https://dynamicworld.app,10m resolution[18][17],3,,Yes - Google Earth Engine[17][18],TIER1_BEST_DATASETS.csv
RUS,Russian Federation,HydroLAKES,McGill University / HydroSHEDS project[23][24],HYDROLOGY / WATER,,Open/free (CC-BY 4.0)[23],Global compilation[23],,Version 1.1 available[22],Lakes ≥10 ha surface area[23],https://www.hydrosheds.org/products/hydrolakes,Lakes ≥10 ha surface area[23],3,,Yes - Google Earth Engine[24],TIER1_BEST_DATASETS.csv
RUS,Russian Federation,HydroSHEDS / HydroATLAS,WWF / McGill University[20][21],HYDROLOGY / WATER,,Open/free (CC-BY 4.0)[23],Multi-temporal compilation[21],,Periodic updates[20],15 arc-seconds (~500m)[22][21],https://www.hydrosheds.org,15 arc-seconds (~500m)[22][21],3,,Yes - available through Google Earth Engine[24],TIER1_BEST_DATASETS.csv
RUS,Russian Federation,Indigenous Peoples' Traditional Territories,Russian Association of Indigenous Peoples of the North (RAIPON) / federal agencies,SPECIAL DATASETS FOR RUSSIA,,"Mixed - some public information, detailed boundaries restricted",Current designations,,As designated,Variable,,Variable,3,,No,TIER1_BEST_DATASETS.csv
RUS,Russian Federation,LandScan,Oak Ridge National Laboratory (US DOE),POPULATION / DEMOGRAPHICS,,Ambient population estimates accounting for daily movement patterns; complementary to WorldPop; access requires US government approval for some ver,Annual datasets (2000-present),,Annual,~1km resolution,https://landscan.ornl.gov,,3,,No,TIER1_BEST_DATASETS.csv
RUS,Russian Federation,Maxar Technologies,Maxar Technologies (formerly DigitalGlobe)[61][62][63],SATELLITE IMAGERY,,Commercial purchase/license[64][62],Historical archive + new acquisitions[63][62],,On-demand tasking available[62],Industry-leading resolution; extensive coverage including Russia; used extensively for conflict monitoring; requires commercial license[61][63][62],https://www.maxar.com,Industry-leading resolution; extensive coverage including Russia; used extensively for conflict monitoring; requires commercial license[61][63][62],3,,Yes - SecureWatch API for subscribers[62],TIER1_BEST_DATASETS.csv
RUS,Russian Federation,Northern Sea Route Infrastructure,Rosatom / Russian shipping authorities[70][31],SPECIAL DATASETS FOR RUSSIA,,"Mixed - route information publicly available, detailed infrastructure data restricted[31]",Current operational routes[70][31],,Operational updates[31],Port locations and route corridors[70][31],,Port locations and route corridors[70][31],3,,No[31],TIER1_BEST_DATASETS.csv
RUS,Russian Federation,OneGeology,Multi-source compilation[40],GEOLOGY / SOIL,,Open/free[40],,,Depends on national survey contributions[40],Variable by country contribution[40],http://www.onegeology.org,Variable by country contribution[40],3,,Yes - WMS/WFS services,TIER1_BEST_DATASETS.csv
RUS,Russian Federation,OpenInfraMap / OpenStreetMap Utilities,OpenStreetMap Community[30],INFRASTRUCTURE - UTILITIES,,Open/free[30],Current[30],,Community updates[30],Variable[30],https://openinframap.org,Variable[30],3,,Yes - Overpass API[30],TIER1_BEST_DATASETS.csv
RUS,Russian Federation,OpenStreetMap Pipelines,Highly incomplete for Russia; major pipelines partially mapped but significant gaps; not suitable as primary source[30],INFRASTRUCTURE - PIPELINES,,Open/free[30],Current[30],,Community updates[30],Variable[30],https://www.openstreetmap.org,Variable[30],3,,Yes - Overpass API[30],TIER1_BEST_DATASETS.csv
RUS,Russian Federation,OpenStreetMap Railways,OpenStreetMap Community[29],INFRASTRUCTURE - RAILWAYS,,Open/free[29],Current[28],,Community-driven[28],Variable[28],https://www.openstreetmap.org,Variable[28],3,,Yes - Overpass API[29],TIER1_BEST_DATASETS.csv
RUS,Russian Federation,OpenStreetMap Russia,OpenStreetMap Community[27][28],INFRASTRUCTURE - ROADS,,Open/free (ODbL license)[29],Current (continuously updated)[28],,Real-time community updates[28],Variable (depends on contributor mapping)[28],https://www.openstreetmap.org,Variable (depends on contributor mapping)[28],2,,Yes - Overpass API[29],TIER1_BEST_DATASETS.csv
RUS,Russian Federation,Permafrost Characteristics Database,International permafrost research community[69][67],SPECIAL DATASETS FOR RUSSIA,,Mixed access[69],Historical to present[69][67],,Research updates[67],Point measurements and regional interpolations[69],,Point measurements and regional interpolations[69],3,,No[69],TIER1_BEST_DATASETS.csv
RUS,Russian Federation,Planet Labs,Planet Labs[66][61],SATELLITE IMAGERY,,Commercial subscription[61],Daily global coverage (PlanetScope); archive from 2009+[61],,Daily imaging capability[61],Unique daily revisit capability; lower resolution than Maxar/Airbus for PlanetScope but higher temporal frequency; SkySat offers sub-meter resoluti,https://www.planet.com,Unique daily revisit capability; lower resolution than Maxar/Airbus for PlanetScope but higher temporal frequency; SkySat offers sub-meter resoluti,3,,Yes - Planet API[61],TIER1_BEST_DATASETS.csv
RUS,Russian Federation,Rosgeolfond,Federal Agency for Subsoil Use (Rosnedra)[40][8],GEOLOGY / SOIL,,Most comprehensive geological data for Russia; includes subsurface information critical for pipeline routing but difficult to access[40],Historical compilation[40],,Ongoing geological surveys[40],"1:200,000 to 1:1,000,000 (State Geological Map)[40]",,"1:200,000 to 1:1,000,000 (State Geological Map)[40]",3,,No public API[40],TIER1_BEST_DATASETS.csv
RUS,Russian Federation,Roshydromet,Most authoritative source for Russian meteorological data; contributes to WMO Global Telecommunication System[46][45],CLIMATE / WEATHER,,Limited public API access[45],Historical records from 1940s-present[47][46],,"Real-time observations, daily forecasts[45]","Network of ~1,600 weather stations across Russia[45]",,"Network of ~1,600 weather stations across Russia[45]",3,,,TIER1_BEST_DATASETS.csv
RUS,Russian Federation,Rosreestr Railway Network,Rosreestr / Russian Railways (RZD)[1][2],INFRASTRUCTURE - RAILWAYS,,Official state railway mapping; comprehensive but access restricted[1][2],Current[2],,Continuous[2],"1:25,000 to 1:100,000[1][2]",http://geoportal.rosreestr.ru/,"1:25,000 to 1:100,000[1][2]",3,,Yes - through geoportal services[2],TIER1_BEST_DATASETS.csv
RUS,Russian Federation,Rosreestr Road Network Data,Official state mapping; most authoritative source but access restricted[1][2],INFRASTRUCTURE - ROADS,,Restricted/requires formal request[3][1],Current[2],,Continuous[2],"1:10,000 to 1:100,000[1][2]",http://geoportal.rosreestr.ru/,"1:10,000 to 1:100,000[1][2]",3,,Yes - OGC standards through geoportal[2],TIER1_BEST_DATASETS.csv
RUS,Russian Federation,Rosreestr Unified Digital Basemap,"Federal Service for State Registration, Cadastre and Cartography (Rosreestr)[1][2]",ELEVATION/TERRAIN (DEM),,Restricted/requires request through official channels[3][1],Current (continuously updated)[2],,Continuous updates through State Information System[2],Additional URLs: http://geoportal.rosreestr.ru/[1,https://rosreestr.gov.ru,,3,,Yes - OGC-compliant cartographic services available[2],TIER1_BEST_DATASETS.csv
RUS,Russian Federation,Rosstat Official Boundaries,Federal State Statistics Service (Rosstat)[50][51][52],ADMINISTRATIVE BOUNDARIES,,"Mixed - statistical data public, GIS boundaries may require request[50][51]",Current (85 federal subjects)[52],,Updated as administrative changes occur[51][50],"All administrative levels (federal districts, regions, municipalities)[52]",https://eng.rosstat.gov.ru,"All administrative levels (federal districts, regions, municipalities)[52]",3,,Limited[51],TIER1_BEST_DATASETS.csv
RUS,Russian Federation,Russian Building Codes (SNiP) Seismic Zonation,Russian Construction Norms (Stroitelnie Normi i Pravila)[67],SPECIAL DATASETS FOR RUSSIA,,Publicly available through construction standards,Updated periodically (approximately decadal)[67],,~10 years[67],Regional seismic zoning maps[67],,Regional seismic zoning maps[67],3,,No,TIER1_BEST_DATASETS.csv
RUS,Russian Federation,Russian Census Data,Federal State Statistics Service (Rosstat)[56][57][50],POPULATION / DEMOGRAPHICS,,Open/free (statistical tables)[51][50],2021 census (most recent); historical censuses available[56][50],,Decadal census; annual estimates[57][50],Qualifier: Rosstat,https://eng.rosstat.gov.ru,,3,,Limited[51],TIER1_BEST_DATASETS.csv
RUS,Russian Federation,Russian Land Cover/Land Use Maps,Moscow State University Faculty of Geography / INTAS[11][12],LAND COVER / LAND USE,,Restricted/academic access[11],Historical baselines available[11],,Project-based[11],Variable (coarse to high resolution)[11],,Variable (coarse to high resolution)[11],3,,No[11],TIER1_BEST_DATASETS.csv
RUS,Russian Federation,Russian Military Exclusion Zones,Russian Ministry of Defense / restricted information,SPECIAL DATASETS FOR RUSSIA,,Highly restricted/classified,Current,,As designated,Variable,,Variable,3,,No,TIER1_BEST_DATASETS.csv
RUS,Russian Federation,Russian Permafrost Mapping,Russian Academy of Sciences[67][68][31],SPECIAL DATASETS FOR RUSSIA,,"Mixed - some research data available, comprehensive datasets may require request[67][31]",Current extent mapping[68][67],,Research-based updates[67],Regional to national scale[69][67],,Regional to national scale[69][67],3,,No[67],TIER1_BEST_DATASETS.csv
RUS,Russian Federation,Russian Protected Areas Database,Contact Ministry of Natural Resources,PROTECTED AREAS / ENVIRONMENTAL,,"Mixed - some data publicly available, detailed boundaries may require request[36]","Current (110 state nature reserves, 64 national parks)[37][35][36]",,Periodic updates[36],"High precision boundaries for 11,800+ protected areas[36][35]",,"High precision boundaries for 11,800+ protected areas[36][35]",3,,Limited[36],TIER1_BEST_DATASETS.csv
RUS,Russian Federation,Sea Ice Extent Data,National Snow & Ice Data Center[31],SPECIAL DATASETS FOR RUSSIA,,Open/free,1979-present,,Daily,25km resolution,https://nsidc.org,25km resolution,3,,Yes - NSIDC API,TIER1_BEST_DATASETS.csv
RUS,Russian Federation,Sentinel-2,European Space Agency / Copernicus Programme[17][13],SATELLITE IMAGERY,,Open/free[13],2015-present[17],,5-day global revisit (2 satellites)[17],Excellent free baseline imagery; 10m multispectral resolution suitable for many pipeline routing applications; widely used for land cover mapping[1,https://dataspace.copernicus.eu,Excellent free baseline imagery; 10m multispectral resolution suitable for many pipeline routing applications; widely used for land cover mapping[1,3,,"Yes - Copernicus Data Space, Google Earth Engine[13]",TIER1_BEST_DATASETS.csv
RUS,Russian Federation,"Soil Map of Russia (1:2,500,000)",Russian Academy of Sciences / International Institute for Applied Systems Analysis[41][42],GEOLOGY / SOIL,,Open/free through NSIDC[41],Based on 1988 compilation with 2002 updates[41],,Static[41],"1:2,500,000[42][43][41]",https://nsidc.org/data/ggd601,"1:2,500,000[42][43][41]",3,,No[41],TIER1_BEST_DATASETS.csv
RUS,Russian Federation,SRTM,Good baseline coverage for Russia; some voids filled by alternative sources; less accurate than Copernicus DEM[10][9],ELEVATION/TERRAIN (DEM),,Open/free[8],February 2000[9],,Static[8],Qualifier: Shuttle Radar Topography Mission,https://earthexplorer.usgs.gov,,4,,Yes - through USGS EarthExplorer API[8],TIER1_BEST_DATASETS.csv
RUS,Russian Federation,Transneft Pipeline Data,Transneft (Russia's state oil pipeline company)[33],INFRASTRUCTURE - PIPELINES,,Highest quality for oil pipelines but access extremely restricted[34][30],Current[33],,Operational[33],Operational precision[33],,Operational precision[33],5,,,TIER1_BEST_DATASETS.csv
RUS,Russian Federation,World Database on Protected Areas,UNEP-WCMC / IUCN[38][39],PROTECTED AREAS / ENVIRONMENTAL,,Open/free[39],Current (continuously updated)[39],,Monthly updates[39],Variable by protected area[39],https://www.protectedplanet.net,Variable by protected area[39],4,,Yes - Protected Planet API[39],TIER1_BEST_DATASETS.csv
RUS,Russian Federation,WorldClim,University of California/International collaboration,CLIMATE / WEATHER,,Open/free,"Historical climate normals (1970-2000, 1960-1990)",,Decadal updates,Excellent for climate baseline data; interpolated from weather station data including Russian stations; lower temporal resolution than ERA5,https://www.worldclim.org,Excellent for climate baseline data; interpolated from weather station data including Russian stations; lower temporal resolution than ERA5,3,,No - downloadable datasets,TIER1_BEST_DATASETS.csv
RUS,Russian Federation,WorldPop,WorldPop / University of Southampton[58][59][60],POPULATION / DEMOGRAPHICS,,Open/free (CC-BY 4.0)[60][58],2000-2020 (annual)[58][59],,Annual datasets[60][58],High-resolution population density grids based on 2020 Russian census data; UN-adjusted versions available; excellent for spatial analysis[59][60][,https://www.worldpop.org,,3,,Yes - through WorldPop Hub[58][60],TIER1_BEST_DATASETS.csv
SAU,Saudi Arabia,Archaeological and Heritage Sites,Saudi Commission for Tourism and National Heritage (SCTH) / Ministry of Culture,SPECIAL DATASETS FOR SAUDI ARABIA,,Restricted/requires coordination,Current (8 UNESCO sites + numerous national sites),,,Individual site boundaries,,Individual site boundaries,3,,,TIER1_BEST_DATASETS.csv
SAU,Saudi Arabia,Commercial - HERE Technologies,HERE Technologies (via THTC - Transport Hi-Tech Consultants for Saudi Arabia),INFRASTRUCTURE - ROADS,,Commercial/Purchase (requires licensing),Current,,Continuous updates,Street-level detail,https://www.here.com,Street-level detail,4,,"Yes - HERE Routing API, HERE Traffic API",TIER1_BEST_DATASETS.csv
SAU,Saudi Arabia,Commercial - TomTom,TomTom (via THTC for Saudi Arabia),INFRASTRUCTURE - ROADS,,Commercial/Purchase,Current,,Continuous updates (fresh data),Street-level detail,,Street-level detail,4,,Yes - TomTom APIs,TIER1_BEST_DATASETS.csv
SAU,Saudi Arabia,Commercial High-Resolution Imagery - Airbus,Airbus Defence and Space (via authorized Saudi distributors),SATELLITE IMAGERY,,Commercial/Purchase,Archive + tasking,,On-demand,"30 cm (Pléiades Neo), 50 cm (Pléiades), 1.5m (SPOT)",,"30 cm (Pléiades Neo), 50 cm (Pléiades), 1.5m (SPOT)",5,,Yes - OneAtlas API,TIER1_BEST_DATASETS.csv
SAU,Saudi Arabia,Commercial High-Resolution Imagery - Maxar,Maxar Technologies (via Space Imaging Middle East - SIME),SATELLITE IMAGERY,,Commercial/Purchase,Extensive archive + tasking capability (up to 15 revisits/day for some areas),,On-demand tasking available,30 cm to 50 cm multispectral; 15 cm panchromatic (Legion),https://www.maxar.com,30 cm to 50 cm multispectral; 15 cm panchromatic (Legion),5,,Yes - via UP42 platform and direct Maxar APIs,TIER1_BEST_DATASETS.csv
SAU,Saudi Arabia,Commercial High-Resolution Imagery - Planet,Planet Labs,SATELLITE IMAGERY,,Commercial/Purchase,Daily global coverage (PlanetScope); tasking (SkySat),,Daily (PlanetScope),SkySat 50cm; PlanetScope 3-5m,,SkySat 50cm; PlanetScope 3-5m,4,,Yes - Planet API,TIER1_BEST_DATASETS.csv
SAU,Saudi Arabia,Copernicus DEM GLO-30,European Space Agency (ESA) / Copernicus Programme,ELEVATION/TERRAIN (DEM),,Open/Free (GLO-30 and GLO-90 freely available globally),2010-2015 (TanDEM-X acquisition period),,Static dataset with periodic releases,30m (GLO-30 / 1 arc-second),https://dataspace.copernicus.eu/explore-data/data-collections/copernicus-contributing-missions/collections-description/COP-DEM,30m (GLO-30 / 1 arc-second),5,,"Yes - Copernicus Data Space Ecosystem API, Sentinel Hub API, Google Earth Engine API, AWS S3",TIER1_BEST_DATASETS.csv
SAU,Saudi Arabia,Desertification and Sand Dune Fields,Various geological and environmental sources,SPECIAL DATASETS FOR SAUDI ARABIA,,,,,,"Major sand seas include Rub' al Khali (Empty Quarter - world's largest continuous sand desert), An-Nafud, and Ad-Dahna. Mobile sand dunes present operational challenges for pipeline monitoring and maintenance. Routing considerations include dune crossing logistics and burial protection. Features identifiable from satellite imagery and geological maps.",,,3,,,TIER1_BEST_DATASETS.csv
SAU,Saudi Arabia,ERA5 Reanalysis,European Centre for Medium-Range Weather Forecasts (ECMWF),CLIMATE / WEATHER,,Open/Free,1950-present (3-month lag for final data),,Continuous updates,0.25° × 0.25° (~25-30 km),https://climateknowledgeportal.worldbank.org/country/saudi-arabia/era5-historical,0.25° × 0.25° (~25-30 km),5,,Yes - Copernicus Climate Data Store API,TIER1_BEST_DATASETS.csv
SAU,Saudi Arabia,ESA WorldCover,European Space Agency (ESA) WorldCover Consortium,LAND COVER / LAND USE,,Open/Free (CC-BY-4.0 license),2020 and 2021 products available,,"Annual (2020, 2021 released; future updates planned)",10 meters,https://esa-worldcover.org/en,10 meters,5,,"Yes - Google Earth Engine, direct download",TIER1_BEST_DATASETS.csv
SAU,Saudi Arabia,FAO/UNESCO Soil Map of the World,Food and Agriculture Organization / UNESCO,GEOLOGY / SOIL,,Open/Free,1961-1981 compilation period,,Static (historical product),"1:5,000,000 (very coarse)",https://www.fao.org/soils-portal/data-hub/soil-maps-and-databases/faounesco-soil-map-of-the-world/en/,"1:5,000,000 (very coarse)",3,,No,TIER1_BEST_DATASETS.csv
SAU,Saudi Arabia,Free Baseline Imagery - Sentinel-2,European Space Agency / Copernicus Programme,SATELLITE IMAGERY,,Open/Free,2015-present,,5-day revisit (2 satellites),"10m (visible/NIR bands), 20m (red edge/SWIR), 60m (coastal/cirrus)",,"10m (visible/NIR bands), 20m (red edge/SWIR), 60m (coastal/cirrus)",5,,"Yes - Copernicus Data Space, Google Earth Engine, AWS",TIER1_BEST_DATASETS.csv
SAU,Saudi Arabia,GADM,GADM Project,ADMINISTRATIVE BOUNDARIES,,Open/Free (academic use),Variable compilation dates,,Periodic updates,"Multiple levels (Country, Level 1, Level 2)",https://gadm.org,"Multiple levels (Country, Level 1, Level 2)",4,,"Direct download (shapefile, GeoJSON, etc.)",TIER1_BEST_DATASETS.csv
SAU,Saudi Arabia,Global Surface Water Explorer,European Commission Joint Research Centre,HYDROLOGY / WATER,,Open/Free,1984-present,,Periodic updates,30 meters,,30 meters,5,,Yes - Google Earth Engine,TIER1_BEST_DATASETS.csv
SAU,Saudi Arabia,Google Dynamic World,Google/World Resources Institute,LAND COVER / LAND USE,,Open/Free,2015-present (near real-time),,Near real-time (every 2-5 days),10 meters,,10 meters,2,,Yes - Google Earth Engine,TIER1_BEST_DATASETS.csv
SAU,Saudi Arabia,Government Pipeline Registry,"Ministry of Energy, Kingdom of Saudi Arabia",INFRASTRUCTURE - PIPELINES,,Restricted/requires formal request,Current,,Regulatory updates,National pipeline infrastructure,,National pipeline infrastructure,4,,Not documented,TIER1_BEST_DATASETS.csv
SAU,Saudi Arabia,Harmonized World Soil Database,FAO/IIASA,GEOLOGY / SOIL,,Open/Free,Compilation of various sources,,,30 arc-seconds (~1 km),,30 arc-seconds (~1 km),3,,,TIER1_BEST_DATASETS.csv
SAU,Saudi Arabia,Humanitarian Data Exchange (HDX) COD-AB,OCHA via Humanitarian Data Exchange,ADMINISTRATIVE BOUNDARIES,,Open/Free,Based on GADM 2021 data,,,Admin levels 0-1,https://data.humdata.org/dataset/cod-ab-sau,Admin levels 0-1,3,,HDX API,TIER1_BEST_DATASETS.csv
SAU,Saudi Arabia,HydroSHEDS,USGS/Conservation International,HYDROLOGY / WATER,,Open/Free,Based on SRTM 2000,,Static with periodic regional updates,Multiple resolutions (15 arc-seconds to 30 arc-seconds),,Multiple resolutions (15 arc-seconds to 30 arc-seconds),4,,Direct download,TIER1_BEST_DATASETS.csv
SAU,Saudi Arabia,LandScan,Oak Ridge National Laboratory (ORNL),POPULATION / DEMOGRAPHICS,,Restricted (requires registration and approval for some versions),Annual products,,Annual,GOOD quality ambient population distribution (24-hour average). Slightly coarser resolution than WorldPop. Useful for understanding day-night population distribution differences. Access may require registration.,,,4,,,TIER1_BEST_DATASETS.csv
SAU,Saudi Arabia,Landslide Susceptibility / Geological Hazards,Saudi Geological Survey,SPECIAL DATASETS FOR SAUDI ARABIA,,Restricted/project-specific,,,,"Landslide risk relatively low in most of Saudi Arabia due to arid climate, but exists in mountainous southwestern regions (Asir Mountains). Flash flood hazards in wadis are more significant concern. Geological hazard data available through SGS for specific project areas. Should be incorporated into pipeline routing in mountainous terrain.",,,2,,,TIER1_BEST_DATASETS.csv
SAU,Saudi Arabia,Military Zones and Restricted Areas,Various security and defense authorities,SPECIAL DATASETS FOR SAUDI ARABIA,,Highly Restricted/Classified,,,,"Saudi Arabia has extensive military zones, particularly along borders and around strategic installations. Pipeline routing must account for restricted airspace, military installations, and security zones. Information is classified and not publicly available. Route planning requires coordination with military and security authorities through proper governmental channels. Critical constraint for pipeline routing.",,,3,,,TIER1_BEST_DATASETS.csv
SAU,Saudi Arabia,National Electricity Transmission Network,Saudi Electricity Company,"INFRASTRUCTURE - UTILITIES (Power, Telecom)",,Restricted/requires request,Current,,As infrastructure expands,National grid,,National grid,3,,Not documented,TIER1_BEST_DATASETS.csv
SAU,Saudi Arabia,National Geological Survey DEMs,Saudi Geological Survey (SGS),ELEVATION/TERRAIN (DEM),,Restricted/requires request,Current,,Periodic updates,SGS maintains the National Geological Database (NGD) with geological and topographic maps for the Kingdom. Limited public documentation on resolution and accuracy. Best suited for regional-scale planning rather than detailed engineering design.[1][2][3],https://ngd.sgs.gov.sa/en,,3,,No public API documented,TIER1_BEST_DATASETS.csv
SAU,Saudi Arabia,National Geological Survey Maps,Saudi Geological Survey (SGS),GEOLOGY / SOIL,,Restricted/requires request (some maps may be purchasable),Historical to current,,Periodic updates,"1:250,000 to 1:1,000,000 regional maps; larger scale detailed maps for specific areas",https://sgs.gov.sa/en,"1:250,000 to 1:1,000,000 regional maps; larger scale detailed maps for specific areas",5,,No public API,TIER1_BEST_DATASETS.csv
SAU,Saudi Arabia,National Hydrography Networks,Various government agencies and research institutions,HYDROLOGY / WATER,,Restricted/academic access,Variable by study area,,Project-based,Regional to local scale,,Regional to local scale,3,,,TIER1_BEST_DATASETS.csv
SAU,Saudi Arabia,National Meteorological Service,"National Center for Meteorology, Kingdom of Saudi Arabia",CLIMATE / WEATHER,,Restricted/requires request (some public summaries available),Historical records to present (1929+ for some stations),,"Real-time observations, daily statistics, annual climate summaries",Station-based observations across Kingdom,https://ncm.gov.sa/en,Station-based observations across Kingdom,5,,Not documented for public access,TIER1_BEST_DATASETS.csv
SAU,Saudi Arabia,National Parks and Reserves,,PROTECTED AREAS / ENVIRONMENTAL,,Restricted/requires coordination with environmental authorities,,,,Well-defined boundaries for major protected areas. Data access through Saudi Wildlife Authority or relevant regional authorities.[42],,,3,,,TIER1_BEST_DATASETS.csv
SAU,Saudi Arabia,National Road Network Dataset,Ministry of Transport and Logistic Services,INFRASTRUCTURE - ROADS,,Restricted/requires request,Current,,Ongoing,National road network,https://mot.gov.sa/en,National road network,5,,Not publicly documented,TIER1_BEST_DATASETS.csv
SAU,Saudi Arabia,National Water Resources Database,"Ministry of Environment, Water and Agriculture (formerly Ministry of Water and Environment)",HYDROLOGY / WATER,,Restricted/requires request,Current,,Ongoing monitoring,Variable,https://www.mewa.gov.sa/en,Variable,4,,No public API documented,TIER1_BEST_DATASETS.csv
SAU,Saudi Arabia,OneGeology,OneGeology consortium / Saudi Geological Survey,GEOLOGY / SOIL,,Open/Free (web services),,,,Variable,,Variable,3,,Yes - WMS/WFS services,TIER1_BEST_DATASETS.csv
SAU,Saudi Arabia,OpenInfraMap / OpenStreetMap Utilities,OpenStreetMap contributors / OpenInfraMap,"INFRASTRUCTURE - UTILITIES (Power, Telecom)",,Open/Free,Current,,Community-driven,Variable,https://openinframap.org,Variable,2,,Yes - Overpass API,TIER1_BEST_DATASETS.csv
SAU,Saudi Arabia,OpenStreetMap,OpenStreetMap contributors,INFRASTRUCTURE - ROADS,,Open/Free (ODbL license),Current (continuously updated),,Real-time community updates,Variable quality by region,https://www.openstreetmap.org,Variable quality by region,4,,"Yes - Overpass API, various OSM APIs",TIER1_BEST_DATASETS.csv
SAU,Saudi Arabia,OpenStreetMap Pipelines,OpenStreetMap contributors,INFRASTRUCTURE - PIPELINES,,Open/Free,Current,,Community-driven,Variable,,Variable,3,,Yes - Overpass API,TIER1_BEST_DATASETS.csv
SAU,Saudi Arabia,OpenStreetMap Railways,OpenStreetMap contributors,INFRASTRUCTURE - RAILWAYS,,Open/Free,Current,,Community-driven,Variable,,Variable,3,,Yes - Overpass API,TIER1_BEST_DATASETS.csv
SAU,Saudi Arabia,Regional High-Resolution DEMs,General Authority for Survey and Geospatial Information (GASGI/GEOSA),ELEVATION/TERRAIN (DEM),,"Restricted, open data portal launched in 2023",Current,,Ongoing,GASGI launched an open data portal in 2023 to improve geospatial infrastructure. Specific DEM products and their resolutions require formal inquiry. The authority follows international UN standards for geospatial data.[5][6][7][8],https://geosa.gov.sa/en,,2,,Not documented,TIER1_BEST_DATASETS.csv
SAU,Saudi Arabia,Sabkha (Salt Flat) Distribution,Saudi Geological Survey,SPECIAL DATASETS FOR SAUDI ARABIA,,,,,,"Sabkhas (salt flats/salt marshes) are significant geological features in Saudi Arabia, particularly in eastern coastal areas and interior basins. Present geotechnical challenges for pipeline construction due to soft, corrosive soils and high water tables. Distribution mapped on geological maps. Critical consideration for pipeline routing in eastern provinces and coastal areas.",,,3,,,TIER1_BEST_DATASETS.csv
SAU,Saudi Arabia,Saudi Aramco Pipeline GIS Data,Saudi Arabian Oil Company (Saudi Aramco) - Pipelines Data Management Unit (PDMU),INFRASTRUCTURE - PIPELINES,,Highly Restricted - Internal only (proprietary/confidential),Current (maintained as-built records),,Continuous (real-time updates for modifications),As-built engineering detail (centimeter-level accuracy),,As-built engineering detail (centimeter-level accuracy),5,,Internal corporate GIS/ERP integration only,TIER1_BEST_DATASETS.csv
SAU,Saudi Arabia,Seismic Hazard Zones,Saudi Geological Survey / Saudi Building Code National Committee,SPECIAL DATASETS FOR SAUDI ARABIA,,Restricted (building code incorporated hazard maps),Current (SBC-301-2007 and updates),,,Regional seismic hazard zonation,,Regional seismic hazard zonation,3,,,TIER1_BEST_DATASETS.csv
SAU,Saudi Arabia,Sentinel-2 Land Use/Land Cover,ESA/Esri,LAND COVER / LAND USE,,Open/Free,Annual time series available,,Annual,10 meters,https://www.arcgis.com/home/item.html?id=cfcb7609de5f478eb7666240902d4d3d,10 meters,4,,"Yes - ArcGIS Living Atlas, Google Earth Engine",TIER1_BEST_DATASETS.csv
SAU,Saudi Arabia,Soil Maps,"Ministry of Environment, Water and Agriculture",GEOLOGY / SOIL,,Restricted/requires request,,,,Reconnaissance to detailed scales,,Reconnaissance to detailed scales,3,,,TIER1_BEST_DATASETS.csv
SAU,Saudi Arabia,World Database on Protected Areas,UN Environment Programme World Conservation Monitoring Centre (UNEP-WCMC),PROTECTED AREAS / ENVIRONMENTAL,,Open/Free,Current (regularly updated),,Monthly updates,Variable by protected area,https://www.protectedplanet.net/country/SAU,Variable by protected area,4,,"Yes - Protected Planet API, direct download",TIER1_BEST_DATASETS.csv
SAU,Saudi Arabia,WorldClim,WorldClim project,CLIMATE / WEATHER,,Open/Free,Historical averages (1970-2000 baseline) and future projections,,Periodic major releases,Multiple resolutions (30 arc-seconds ~1km to 2.5 arc-minutes),,Multiple resolutions (30 arc-seconds ~1km to 2.5 arc-minutes),4,,Direct download,TIER1_BEST_DATASETS.csv
SAU,Saudi Arabia,WorldPop,WorldPop / University of Southampton,POPULATION / DEMOGRAPHICS,,Open/Free,Annual products (2000-2020),,Annual releases,HIGH quality gridded population data. 100m resolution provides detailed spatial distribution beyond administrative units. Based on 2010 and 2020 census data combined with geospatial covariates. Excellent for identifying populated areas along pipeline corridors. Distinguishes Saudi and non-Saudi populations. Recommended as primary gridded population source. Particularly useful for pipeline routing to minimize population exposure.[65][66][67][68],https://hub.worldpop.org,,5,,Direct download,TIER1_BEST_DATASETS.csv
SWE,Sweden,National Elevation Model (NH),Lantmäteriet,Raster DTM/DSM (1-2m LiDAR-derived),,Open,2009,Present,Ongoing,Available,https://www.lantmateriet.se/,,,,,COUNTRY_COVERAGE_LONG.csv
USA,United States of America,3DEP Standard Digital Elevation Models[1][2],U.S. Geological Survey (USGS)[1],ELEVATION/TERRAIN (DEM),,Open/Free[2],"2000-present, continuously updated[4]",,Continuous integration as new LiDAR data becomes available[3],"Highest quality national elevation data for the US. The 1m LiDAR-derived DEMs represent bare-earth topography with vertical accuracy typically better than 10cm RMSE for flat terrain. Seamless within projects but may have slight discontinuities across project boundaries. Covers CONUS, Alaska, Hawaii, and territories with varying completeness.[2][3]",https://www.usgs.gov/3d-elevation-program[1,,5,,"Yes - The National Map API (TNMAccess), OpenTopography API, Google Earth Engine[5][6][7]",TIER1_BEST_DATASETS.csv
USA,United States of America,Airbus,,SATELLITE IMAGERY (COMMERCIAL),,,,,,"Qualifier: Pléiades, SPOT",,,3,,,TIER1_BEST_DATASETS.csv
USA,United States of America,Airbus Defense and Space Imagery,Airbus,SATELLITE IMAGERY (COMMERCIAL),,Commercial/Purchase,Extensive archive and on-demand,,Regular collection cycles,Pléiades: 50cm; SPOT 6/7: 1.5m,https://www.intelligence-airbusds.com,Pléiades: 50cm; SPOT 6/7: 1.5m,4,,Yes,TIER1_BEST_DATASETS.csv
USA,United States of America,"American Indian, Alaska Native, Native Hawaiian Areas",U.S. Census Bureau (TIGER files)[20],SPECIAL DATASETS FOR UNITED STATES,,Open/Free,Current,,Annual[20],Legal boundaries,,Legal boundaries,3,,Yes - TIGERweb API[21],TIER1_BEST_DATASETS.csv
USA,United States of America,BLM Surface Management Agency,Bureau of Land Management,SPECIAL DATASETS FOR UNITED STATES,,Open/Free,Current,,Quarterly updates,Parcel-level,https://www.blm.gov,Parcel-level,3,,Yes - BLM web services,TIER1_BEST_DATASETS.csv
USA,United States of America,Copernicus DEM,,ELEVATION/TERRAIN (DEM),,,,,,Qualifier: Global Coverage,,,3,,,TIER1_BEST_DATASETS.csv
USA,United States of America,Copernicus Digital Elevation Model,European Space Agency / Copernicus Programme,ELEVATION/TERRAIN (DEM),,Open/Free,2011-2015 (acquisition period),,Static (completed mission),"Good global coverage with consistent quality. For US applications, 3DEP is superior, but Copernicus provides seamless coverage including areas not yet covered by 3DEP LiDAR.",,,4,,Yes - via OpenTopography and various portals,TIER1_BEST_DATASETS.csv
USA,United States of America,Cropland Data Layer,USDA National Agricultural Statistics Service,SPECIAL DATASETS FOR UNITED STATES,,Open/Free,Annual from 1997-present,,Annual,30m,https://nassgeodata.gmu.edu/CropScape,30m,5,,Yes - CropScape web service,TIER1_BEST_DATASETS.csv
USA,United States of America,Decennial Census and American Community Survey (ACS)[53],U.S. Census Bureau[53],POPULATION / DEMOGRAPHICS,,Open/Free[53],"Decennial Census (2020, 2010, etc.); ACS annual/5-year estimates[53]",,Decennial Census every 10 years; ACS annual updates[53],Official US population and demographic data. Census provides complete enumeration at block level (highest resolution). ACS provides detailed socioeconomic data at larger geographies. Join to TIGER boundaries using GEOIDs for mapping. Excellent data quality and comprehensive coverage. API enables efficient queries.[20][53],https://www.census.gov/data/developers[53,,5,,Yes - Census Data API[53],TIER1_BEST_DATASETS.csv
USA,United States of America,DOD Installations and Restricted Areas,Department of Defense / FAA,SPECIAL DATASETS FOR UNITED STATES,,Open/Free (unclassified boundaries),Current,,As needed,Installation boundaries,,Installation boundaries,3,,Limited,TIER1_BEST_DATASETS.csv
USA,United States of America,ERA5,ECMWF/Copernicus,CLIMATE / WEATHER,,Open/Free,1940-present,,Near real-time (5-day lag),~31km (0.25 degree),,~31km (0.25 degree),5,,Yes - Climate Data Store API,TIER1_BEST_DATASETS.csv
USA,United States of America,ESA WorldCover,European Space Agency,LAND COVER / LAND USE,,Open/Free,"2020, 2021",,Annual,Qualifier: Global,,10m (Sentinel-based),5,,Yes - WMS/WFS services,TIER1_BEST_DATASETS.csv
USA,United States of America,FAO Harmonized World Soil Database,,GEOLOGY / SOIL,,,,,,Qualifier: HWSD,,,3,,,TIER1_BEST_DATASETS.csv
USA,United States of America,FEMA National Flood Hazard Layer,,SPECIAL DATASETS FOR UNITED STATES,,,,,,Qualifier: NFHL,,,3,,,TIER1_BEST_DATASETS.csv
USA,United States,FEMA NFHL,Federal Emergency Management Agency,Vector flood hazard zones,,Open,2003,Present,Rolling updates,Available,https://www.fema.gov/flood-maps/national-flood-hazard-layer,,,,,COUNTRY_COVERAGE_LONG.csv
USA,United States of America,GADM,GADM.org,ADMINISTRATIVE BOUNDARIES,,Open/Free (academic use),Current,,Periodic,Multiple administrative levels,https://gadm.org,Multiple administrative levels,3,,No - download only,TIER1_BEST_DATASETS.csv
USA,United States of America,HWSD v1.2,FAO/IIASA,GEOLOGY / SOIL,,Open/Free,Static,,Infrequent updates,1km (coarse),,1km (coarse),3,,No,TIER1_BEST_DATASETS.csv
USA,United States of America,LandScan[54][55],Oak Ridge National Laboratory (ORNL)[55],POPULATION / DEMOGRAPHICS,,Restricted - requires approval for LandScan HD; global product more accessible[54],Annual products from 2000-present[54][55],,Annual[54],Industry standard for ambient population distribution (day/night averaged). Uses sophisticated dasymetric modeling. LandScan Global provides consistent 1km gridded population. Higher resolution LandScan HD available for US but restricted. Good for areas between census geographies.[55][54],,,4,,Limited,TIER1_BEST_DATASETS.csv
USA,United States of America,Maxar,,SATELLITE IMAGERY (COMMERCIAL),,,,,,"Qualifier: WorldView, GeoEye",,,3,,,TIER1_BEST_DATASETS.csv
USA,United States of America,"Maxar Constellation (WorldView-1/2/3/4, GeoEye-1)[60]",Maxar Intelligence[60],SATELLITE IMAGERY (COMMERCIAL),,Commercial/Purchase (NASA-funded researchers can access through CSDA)[60],Extensive archive from early 2000s; on-demand tasking[60],,On-demand and systematic collection,31cm to 50cm panchromatic; 1.2m to 2m multispectral[60],https://www.maxar.com,31cm to 50cm panchromatic; 1.2m to 2m multispectral[60],5,,Yes - Maxar platform APIs,TIER1_BEST_DATASETS.csv
USA,United States of America,National Flood Hazard Layer[68][69][70],Federal Emergency Management Agency (FEMA)[69][68],SPECIAL DATASETS FOR UNITED STATES,,Open/Free[69],Current effective flood maps[69],,Continuous updates as maps reach effective date[69],"Detailed mapping, scale varies by study",https://msc.fema.gov[71,"Detailed mapping, scale varies by study",2,,"Yes - FEMA web services, REST APIs[68]",TIER1_BEST_DATASETS.csv
USA,United States of America,National Hydrography Dataset Plus High Resolution[13][14],U.S. Geological Survey / U.S. EPA[14][13],HYDROLOGY / WATER,,Open/Free[14],Current - based on latest NHD updates[15],,Continuous updates through 3D Hydrography Program (3DHP)[15],"1:24,000 or better[13]",https://www.usgs.gov/national-hydrography[13,"1:24,000 or better[13]",2,,"Yes - The National Map API, WMS/WFS services[15]",TIER1_BEST_DATASETS.csv
USA,United States of America,National Land Cover Database,,LAND COVER / LAND USE,,,,,,Qualifier: NLCD,,,3,,,TIER1_BEST_DATASETS.csv
USA,United States of America,National Pipeline Mapping System,,INFRASTRUCTURE - PIPELINES,,,,,,Qualifier: NPMS,,,3,,,TIER1_BEST_DATASETS.csv
USA,United States of America,National Seismic Hazard Model (NSHM)[64][65][66],U.S. Geological Survey Earthquake Hazards Program[65][66],SPECIAL DATASETS FOR UNITED STATES,,Open/Free[65],Current model; historical earthquake catalog from 1700s[65],,Major model updates every ~6 years; earthquake catalog real-time[66][65],Various scales from site-specific to national,https://earthquake.usgs.gov[65,Various scales from site-specific to national,3,,"Yes - Earthquake Catalog API (FDSN Web Service), web services[67][65]",TIER1_BEST_DATASETS.csv
USA,United States of America,NGMDB and State Geological Survey Maps[36][37],U.S. Geological Survey[37][36],GEOLOGY / SOIL,,Open/Free[36],Historical to current,,Continuous additions[37],"Varies by map - typically 1:24,000 to 1:250,000",https://ngmdb.usgs.gov[37,"Varies by map - typically 1:24,000 to 1:250,000",3,,"Limited - MapView interface, some WMS services[38][39]",TIER1_BEST_DATASETS.csv
USA,United States of America,NHDPlus High Resolution,,HYDROLOGY / WATER,,,,,,Qualifier: NHDPlus HR,,,3,,,TIER1_BEST_DATASETS.csv
USA,United States of America,NHDPlus V2,EPA/USGS[14],HYDROLOGY / WATER,,Open/Free,Complete national coverage,,Static (superseded by NHDPlus HR)[14],"1:100,000",https://www.epa.gov/waterdata/nhdplus-national-hydrography-dataset-plus[14,"1:100,000",2,,Limited,TIER1_BEST_DATASETS.csv
USA,United States of America,NHDPlus Version 2,,HYDROLOGY / WATER,,,,,,Qualifier: Legacy,,,3,,,TIER1_BEST_DATASETS.csv
USA,United States of America,NLCD 2021 and Annual NLCD[8][9],Multi-Resolution Land Characteristics (MRLC) Consortium - USGS/EPA/NOAA/USFS partnership[9][8],LAND COVER / LAND USE,,Open/Free[8],"Historical epochs (2001, 2004, 2006, 2008, 2011, 2013, 2016, 2019, 2021) plus annual products from 2000-present[11]",,Major releases every 2-5 years; annual products updated yearly[11],30m (Landsat-based)[10],https://www.mrlc.gov[8,30m (Landsat-based)[10],5,,Yes - WMS services available through MRLC[8],TIER1_BEST_DATASETS.csv
USA,United States of America,North American Rail Network,,INFRASTRUCTURE - RAILWAYS,,,,,,Qualifier: NARN,,,3,,,TIER1_BEST_DATASETS.csv
USA,United States of America,North American Rail Network Lines and Nodes[23][18],Federal Railroad Administration (FRA)[24][18],INFRASTRUCTURE - RAILWAYS,,Open/Free[18],"Updated July 18, 2025[24]",,Periodic updates (multiple times per year)[18],"1:24,000 or better",https://geodata.bts.gov[18,"1:24,000 or better",5,,Yes - REST API via BTS ArcGIS services[18],TIER1_BEST_DATASETS.csv
USA,United States,NPMS (National Pipeline Mapping System),PHMSA / DOT,Vector pipelines,,Restricted (CEII),2002,Present,Annual,Restricted access,https://www.npms.phmsa.dot.gov/,,,,,COUNTRY_COVERAGE_LONG.csv
USA,United States of America,NPMS Pipeline Data[28][29],"Pipeline and Hazardous Materials Safety Administration (PHMSA), U.S. Department of Transportation[29][28]",INFRASTRUCTURE - PIPELINES,,Restricted - Public Map Viewer (county-level view) or PIMMA (requires authorization)[30][28],Current - updated annually by operators[29],,Annual operator submissions[28],Transmission pipelines only (not gathering or distribution)[28],https://www.npms.phmsa.dot.gov[31,Transmission pipelines only (not gathering or distribution)[28],3,,"No - web viewer only, GIS data requires formal request[30]",TIER1_BEST_DATASETS.csv
USA,United States of America,NRCS Soil Survey Geographic Database,,GEOLOGY / SOIL,,,,,,Qualifier: SSURGO,,,3,,,TIER1_BEST_DATASETS.csv
USA,United States of America,NTAD Roads and Highways[16][17],"Bureau of Transportation Statistics (BTS), U.S. Department of Transportation[16]",INFRASTRUCTURE - ROADS,,Open/Free[16],Current[16],,Continuous updates (changed from annual in 2016)[16],"Varies by dataset; typically 1:100,000 or better",https://www.bts.gov/ntad[16,"Varies by dataset; typically 1:100,000 or better",3,,Yes - REST API via ArcGIS services[17][18],TIER1_BEST_DATASETS.csv
USA,United States of America,NWS API and Climate Data Online (CDO)[48][49],National Oceanic and Atmospheric Administration (NOAA)[49][48],CLIMATE / WEATHER,,Open/Free[49][48],Historical (1800s to present) and real-time[50][51],,Real-time for forecasts/observations; historical data continuously archived[48],Station-based observations plus gridded products,https://www.weather.gov/documentation/services-web-api,Station-based observations plus gridded products,5,,"Yes - NWS API (weather.gov/api), CDO API v2, REST services, THREDDS servers[52][48][49]",TIER1_BEST_DATASETS.csv
USA,United States of America,OneGeology Portal[40][41],International consortium including USGS[40],GEOLOGY / SOIL,,Open/Free[40],Current,,Continuous,Variable by contributing survey,https://portal.onegeology.org[41,Variable by contributing survey,3,,Yes - WMS/WFS services[42],TIER1_BEST_DATASETS.csv
USA,United States of America,OpenStreetMap Power Infrastructure,OpenStreetMap Community,"INFRASTRUCTURE - UTILITIES (Power, Telecom)",,Open/Free,Current,,Real-time,Variable,https://openinframap.org,Variable,4,,Yes - Overpass API,TIER1_BEST_DATASETS.csv
USA,United States of America,OpenStreetMap United States,OpenStreetMap Community,INFRASTRUCTURE - ROADS,,Open/Free (ODbL license),Current (live updates),,Real-time continuous updates,"Variable, typically very detailed in urban areas",https://www.openstreetmap.org,"Variable, typically very detailed in urban areas",5,,"Yes - Overpass API, various extracts",TIER1_BEST_DATASETS.csv
USA,United States of America,OSM Pipeline Network,OpenStreetMap Community,INFRASTRUCTURE - PIPELINES,,Open/Free,Current,,Real-time,Variable,https://www.openstreetmap.org,Variable,3,,Yes - Overpass API,TIER1_BEST_DATASETS.csv
USA,United States of America,OSM Railway Network,OpenStreetMap Community,INFRASTRUCTURE - RAILWAYS,,Open/Free,Current,,Real-time,Variable,https://www.openstreetmap.org,Variable,5,,Yes - Overpass API,TIER1_BEST_DATASETS.csv
USA,United States of America,PAD-US 3.0[32][33][34],U.S. Geological Survey Gap Analysis Project[33][32],PROTECTED AREAS / ENVIRONMENTAL,,Open/Free[32],Current as of May 2023 (v3.0)[34],,Major releases every 1-2 years[32],"Variable by jurisdiction - typically 1:24,000 or better",https://www.usgs.gov/programs/gap-analysis-project/science/pad-us-data-overview[32,"Variable by jurisdiction - typically 1:24,000 or better",3,,"Limited - downloadable geodatabase, WMS services available[32]",TIER1_BEST_DATASETS.csv
USA,United States of America,Planet Imagery[62],Planet Labs,SATELLITE IMAGERY (COMMERCIAL),,Commercial/Purchase,Daily global coverage (PlanetScope); SkySat on demand,,Daily revisit[62],PlanetScope: 3m; SkySat: 50cm[62],https://www.planet.com,PlanetScope: 3m; SkySat: 50cm[62],5,,Yes - Planet API,TIER1_BEST_DATASETS.csv
USA,United States of America,Planet Labs,,SATELLITE IMAGERY (COMMERCIAL),,,,,,"Qualifier: PlanetScope, SkySat",,,3,,,TIER1_BEST_DATASETS.csv
USA,United States of America,Protected Areas Database of the United States,,PROTECTED AREAS / ENVIRONMENTAL,,,,,,Qualifier: PAD-US,,,3,,,TIER1_BEST_DATASETS.csv
USA,United States of America,Sentinel-2,,SATELLITE IMAGERY (COMMERCIAL),,,,,,Qualifier: Free Baseline,,,3,,,TIER1_BEST_DATASETS.csv
USA,United States of America,Sentinel-2 A/B,European Space Agency / Copernicus Programme,SATELLITE IMAGERY (COMMERCIAL),,Open/Free,2015-present,,5-day revisit (2 satellites)[62],"10m (visible/NIR), 20m (red edge/SWIR), 60m (coastal/cirrus)[62]",https://scihub.copernicus.eu,"10m (visible/NIR), 20m (red edge/SWIR), 60m (coastal/cirrus)[62]",5,,"Yes - Copernicus API, Google Earth Engine, AWS",TIER1_BEST_DATASETS.csv
USA,United States of America,SSURGO and gSSURGO[43][44],USDA Natural Resources Conservation Service (NRCS)[44][43],GEOLOGY / SOIL,,Open/Free[43],Current - based on century of soil survey work[45],,"Continuous updates via Web Soil Survey, annual gSSURGO releases[44][45]","1:12,000 to 1:63,360 (detailed soil mapping units)[45]",https://websoilsurvey.nrcs.usda.gov[46,"1:12,000 to 1:63,360 (detailed soil mapping units)[45]",3,,Yes - Soil Data Access (SDA) API with REST/POST and WMS/WFS services[45],TIER1_BEST_DATASETS.csv
USA,United States of America,State Historic Preservation Office (SHPO) databases,Individual state SHPOs and National Park Service,SPECIAL DATASETS FOR UNITED STATES,,Restricted - requires formal request and approval,Comprehensive inventories,,Continuous updates,Site-specific,,Site-specific,3,,No,TIER1_BEST_DATASETS.csv
USA,United States of America,TIGER/Line Shapefiles - Roads[19],U.S. Census Bureau[20],INFRASTRUCTURE - ROADS,,Open/Free[20],Current (as of January 1 of release year)[19],,Annual updates (September release)[19],"High detail, typically 1:24,000 equivalent",https://www.census.gov/geographies/mapping-files/time-series/geo/tiger-line-file.html[19,"High detail, typically 1:24,000 equivalent",5,,Yes - TIGERweb GeoServices REST API[21],TIER1_BEST_DATASETS.csv
USA,United States of America,TIGER/Line Shapefiles[20][19],U.S. Census Bureau[20][19],ADMINISTRATIVE BOUNDARIES,,Open/Free[20],"Current as of January 1, 2025 (2025 release)[19]",,Annual (September release)[19],"High precision, legally defined boundaries",https://www.census.gov/geographies/mapping-files/time-series/geo/tiger-line-file.html[19,"High precision, legally defined boundaries",3,,"Yes - TIGERweb GeoServices REST API, Census Data API[53][21]",TIER1_BEST_DATASETS.csv
USA,United States of America,U.S. Electric Power Transmission Lines[25][26],U.S. Energy Information Administration (EIA)[25],"INFRASTRUCTURE - UTILITIES (Power, Telecom)",,Open/Free (spatial data available through various portals)[26],Current,,Updated with EIA-861 and EIA-860 survey cycles[27],Based on utility submissions and public sources,https://www.eia.gov/opendata[26,Based on utility submissions and public sources,3,,Yes - EIA Open Data API v2[26][25],TIER1_BEST_DATASETS.csv
USA,United States,USGS 3DEP 1m DEM,USGS 3D Elevation Program,Raster DTM/DSM (1m LiDAR-derived),,Open,2015,Present,Continuous expansion,Available (expanding),https://www.usgs.gov/3d-elevation-program,,,,,COUNTRY_COVERAGE_LONG.csv
USA,United States of America,USGS Landslide Inventory and Susceptibility Maps,U.S. Geological Survey,SPECIAL DATASETS FOR UNITED STATES,,Open/Free,Historical inventory,,Periodic updates,"Various scales, typically regional",https://www.usgs.gov,"Various scales, typically regional",3,,Limited,TIER1_BEST_DATASETS.csv
USA,United States,USGS NHD,U.S. Geological Survey,Vector hydrography (1:24000),,Open,1999,Present,Rolling updates,Available,https://www.usgs.gov/national-hydrography/national-hydrography-dataset,,,,,COUNTRY_COVERAGE_LONG.csv
USA,United States of America,WDPA,UNEP-WCMC,PROTECTED AREAS / ENVIRONMENTAL,,Open/Free,Current,,Monthly,Global,https://www.protectedplanet.net,Global,3,,Yes,TIER1_BEST_DATASETS.csv
USA,United States of America,World Database on Protected Areas,,PROTECTED AREAS / ENVIRONMENTAL,,,,,,Qualifier: WDPA,,,3,,,TIER1_BEST_DATASETS.csv
USA,United States of America,WorldClim v2.1,WorldClim.org,CLIMATE / WEATHER,,Open/Free,"1970-2000 averages, future projections",,Periodic major releases,30 arc-seconds (~1km) to 10 minutes,https://www.worldclim.org,30 arc-seconds (~1km) to 10 minutes,4,,No - tile downloads,TIER1_BEST_DATASETS.csv
USA,United States of America,WorldPop Global Population Datasets[56][57],WorldPop / University of Southampton[57],POPULATION / DEMOGRAPHICS,,Open/Free[57],"2000-2020, with annual products[56]",,Annual to periodic[57],High-resolution population grids using random forest modeling and census data. API allows spatial queries for population totals within custom areas. Includes age/sex structure products. Good complement to census data for gridded population analysis.[59][56][57],https://www.worldpop.org[57,,4,,Yes - WorldPop API and WOPR API[58][56][57],TIER1_BEST_DATASETS.csv
WLD,World/Global,Copernicus DEM GLO-30,Copernicus Programme / ESA via OpenTopography,Raster DSM (30m / 1 arc-second),,Open,2019,2026,Static baseline,Available,https://portal.opentopography.org/raster?opentopoID=OTSDEM.032021.4326.3,30m (GLO-30 / 1 arc-second),,,,COUNTRY_COVERAGE_LONG.csv
WLD,World/Global,ERA5 Climate Reanalysis,ECMWF / Copernicus Climate Change Service,Raster climate data (0.25 deg / ~31km),,Open,1940,Present,Hourly (5-day lag),Available,https://cds.climate.copernicus.eu/datasets/reanalysis-era5-single-levels,,,,,COUNTRY_COVERAGE_LONG.csv
WLD,World/Global,ESA WorldCover,ESA via AWS S3 / Terrascope,Raster land cover (10m),,Open,2020,2021,Annual (v100/v200),Available,https://esa-worldcover.org/en/data-access,,,,,COUNTRY_COVERAGE_LONG.csv
WLD,World/Global,GHS-POP R2023A,JRC / European Commission (Global Human Settlement Layer),Raster population density (100m / 3 arc-seconds),,Open,1975,2030,5-year intervals,Available,https://human-settlement.emergency.copernicus.eu/ghs_pop.php,,,,,COUNTRY_COVERAGE_LONG.csv
WLD,World/Global,Global Surface Water (GSW) v1.4,JRC / European Commission,Raster water occurrence/seasonality (30m),,Open,1984,2021,Versioned updates,Available,https://global-surface-water.appspot.com/download,,,,,COUNTRY_COVERAGE_LONG.csv
WLD,World/Global,HydroSHEDS v1,WWF / USGS / McGill University,Vector hydrography and watersheds (90m-based),,Open,2000,2000,Static (v2 in development),Available,https://www.hydrosheds.org/,,,,,COUNTRY_COVERAGE_LONG.csv
WLD,World/Global,OpenStreetMap,OpenStreetMap Foundation,Vector roads/railways/waterways/landuse/buildings,,Open (ODbL),2004,Present,Continuous crowdsourced,Available,https://www.openstreetmap.org/,,,,,COUNTRY_COVERAGE_LONG.csv
WLD,World/Global,Sentinel-2 L2A,ESA via Copernicus Data Space / Microsoft Planetary Computer,Raster multispectral (13 bands: 10m/20m/60m),,Open,2015-06,Present,5-day revisit,Available,https://planetarycomputer.microsoft.com/dataset/sentinel-2-l2a,,,,,COUNTRY_COVERAGE_LONG.csv
WLD,World/Global,WDPA (Protected Planet),UNEP-WCMC & IUCN,Vector protected areas,,Registration required for commercial,1981,Present,Monthly,Available,https://www.protectedplanet.net/en/thematic-areas/wdpa,,,,,COUNTRY_COVERAGE_LONG.csv
WLD,World/Global,WorldPop,WorldPop / University of Southampton,Raster population density (100m),,Open (CC BY 4.0),2000,2030,Annual estimates,Available,https://www.worldpop.org/,,,,,COUNTRY_COVERAGE_LONG.csv
